,Цена,Латитуда,Лонгитуда,Марка,Модел,Година,Гориво,Километри,Менувач,Каросерија,Боја,Регистрација,Регистриранадо,Силанамоторот,Kласанаемисија
0,4100€,41.9870695865131,21.4519291484375,Audi,A3,2003,Дизел,200000,Рачен,Купеа,Сина,Македонска,112019,103kw/140ks,
1,1800€,41.440569,22.639528,Mercedes-Benz,A160,1999,Бензин/Плин,200000,Рачен,,Сива,Македонска,112019,75kw/102ks,
2,900€,41.887609742084,22.3823482910211,Peugeot,306,1997,Бензин,200000,Рачен,Каравани,Бела,Македонска,072019,0kw/0ks,
3,9300€,41.991502,21.39781,Opel,Vectra,2008,Бензин,120000,Автоматски,Седани,Сина,Македонска,032019,200kw/272ks,
4,3000€,41.373181,21.252891,Renault,Kangoo,2002,Дизел,190000,Рачен,Каравани,Зелена,Македонска,042020,60kw/82ks,
5,По договор,41.346182,21.553379,Opel,Corsa,2006,Бензин,130000,Рачен,Хеџбек,Сина,Странска,062019,59kw/80ks,
6,1€,41.346182,21.553379,VWVolkswagen,Golf,2001,Дизел,200000,Рачен,Каравани,Црвена,Македонска,092018,90kw/122ks,
7,2200€,41.9870695865131,21.4519291484375,VWVolkswagen,Polo,2001,Дизел,180000,Рачен,Maлиградски,Сива,Македонска,052019,55kw/75ks,
8,4700€,41.9870695865131,21.4519291484375,Mercedes-Benz,E270,2002,Дизел,30000,Рачен,Седани,Црна,Македонска,072019,130kw/177ks,
9,По договор,41.745515,22.19396,Aixam,741,2017,Дизел,15000,Автоматски,Теренци-SUV,Црвена,Странска,022018,9kw/12ks,
10,1€,41.994543,22.181289,Audi,A6,1995,Бензин/Плин,200000,Рачен,Седани,Сива,Македонска,052018,110kw/150ks,
11,По договор,41.991502,21.39781,Nissan,Qashqai,2015,Дизел,65000,Рачен,Теренци-SUV,Златна,Македонска,092019,80kw/109ks,
12,3150€,41.924335,22.404964,Opel,Astra,2005,Бензин/Плин,200000,Рачен,Хеџбек,Сина,Македонска,042019,98kw/133ks,
13,3300€,41.440569,22.639528,Fiat,Punto,2006,Дизел,200000,Рачен,Седани,Црна,Македонска,122020,131kw/178ks,
14,По договор,41.346182,21.553379,Audi,A4,1998,Дизел,400000,Рачен,Каравани,Сина,Македонска,022019,81kw/110ks,
15,3050€,41.9384793569408,21.5205161218262,Opel,Meriva,2004,Дизел,190000,Рачен,Моноволумен,Сива,Македонска,022020,74kw/101ks,
16,1€,41.14712,22.507161,VWVolkswagen,Golf,1993,Дизел,,Рачен,Останато,Сина,Македонска,032019,0kw/0ks,
17,25€,41.346182,21.553379,Citroen,Xsara,2000,Дизел,200000,Рачен,Седани,Сина,Странска,012018,66kw/90ks,
18,3250€,41.9380962782178,21.5196578149414,VWVolkswagen,Golf,2000,Дизел,200000,Рачен,Хеџбек,Сива,Македонска,112019,96kw/131ks,
19,1€,41.14712,22.507161,Peugeot,307,2004,Дизел,190000,Рачен,Каравани,Сива,Македонска,052020,0kw/0ks,
20,5€,41.9870695865131,21.4519291484375,Kia,Sorento,2006,Дизел,200000,Рачен,Теренци-SUV,Црна,Македонска,012019,100kw/136ks,
21,4900€,41.801881,20.913259,Seat,Leon,2006,Дизел,190000,Рачен,Хеџбек,Црна,Македонска,122022,110kw/150ks,Еуро5
22,11500€,41.801881,20.913259,Audi,A3,2010,Дизел,130000,Рачен,Хеџбек,Сива,Македонска,052020,110kw/150ks,Еуро5
23,3400€,41.9870695865131,21.4519291484375,Audi,A6,2003,Дизел,200000,Автоматски,Седани,Сива,Македонска,092019,131kw/178ks,
24,По договор,41.346182,21.553379,Opel,Meriva,2005,Дизел,160000,Рачен,Моноволумен,Сива,Странска,062019,74kw/101ks,
25,1700€,41.9870695865131,21.4519291484375,Peugeot,206,2002,Дизел,140000,Рачен,Хеџбек,Сина,Македонска,092019,55kw/75ks,
26,11111111€,41.111733,20.798579,Opel,Frontera,1998,Бензин,150000,Рачен,Теренци-SUV,Бела,Странска,012018,88kw/120ks,
27,1€,41.9870695865131,21.4519291484375,BMW,320,2003,Дизел,200000,Рачен,Седани,Сива,Македонска,042020,115kw/156ks,
28,1€,41.715954,21.770997,Mercedes-Benz,220,2001,Дизел,250000,Автоматски,Каравани,Црна,Македонска,122019,4kw/5ks,
29,1€,41.9870695865131,21.4519291484375,VWVolkswagen,Golf,2004,Дизел,200000,Автоматски,Хеџбек,Сива,Македонска,082019,107kw/145ks,
30,1€,42.132926,21.715878,Opel,Antara,2007,Дизел,130000,Автоматски,Теренци-SUV,Сива,Македонска,062020,110kw/150ks,
31,2250€,42.132926,21.715878,Ford,Focus,2002,Дизел,140000,Рачен,Хеџбек,Сива,Македонска,062020,85kw/116ks,
32,3400€,41.991502,21.39781,Mitsubishi,Colt,2007,Бензин,5000,Рачен,Maлиградски,Сива,Странска,062019,70kw/95ks,
33,878787878€,41.315781,22.566826,Peugeot,308,2010,Дизел,160000,Рачен,Седани,Сива,Македонска,052020,80kw/109ks,
34,1€,41.440569,22.639528,VWVolkswagen,Passat,1999,Дизел,200000,Рачен,Седани,Сива,Македонска,052019,85kw/116ks,
35,350€,41.715954,21.770997,AlfaRomeo,Alfa146,1996,Бензин,140000,Рачен,Хеџбек,Сива,Македонска,032020,16kw/22ks,
36,2599€,41.9870695865131,21.4519291484375,Ford,Focus,2002,Дизел,200000,Рачен,Хеџбек,Сина,Македонска,072019,85kw/116ks,
37,2290€,41.9870695865131,21.4519291484375,Ford,Fiesta,2006,Бензин,180000,Рачен,Maлиградски,Црна,Македонска,082019,50kw/68ks,
38,20МКД,41.715954,21.770997,AlfaRomeo,Alfa146,1996,Бензин,110000,Рачен,Maлиградски,Златна,Македонска,042017,76kw/103ks,
39,8600€,41.635743,22.470056,BMW,530,2008,Дизел,250000,Автоматски,Седани,Сива,Македонска,062020,226kw/307ks,
40,2750€,41.9870695865131,21.4519291484375,Fiat,Stilo,2004,Дизел,170000,Рачен,Хеџбек,Сива,Македонска,102019,103kw/140ks,
41,8999€,42.132926,21.715878,Audi,A4,2009,Дизел,85000,Автоматски,Седани,Сива,Странска,052019,100kw/136ks,
42,3500€,41.9870695865131,21.4519291484375,Jeep,Cherokee,2001,Бензин/Плин,45000,Рачен,Теренци-SUV,Зелена,Македонска,112019,85kw/116ks,
43,1€,41.9870695865131,21.4519291484375,Suzuki,Maruti,1997,Бензин,50000,Рачен,Maлиградски,Сина,Македонска,062019,28kw/38ks,
44,3700€,42.013646,21.32586,Opel,Corsa,2008,Бензин,110000,Рачен,Хеџбек,Црна,Македонска,042020,66kw/90ks,
45,12€,41.5213071870477,20.5350763449406,BMW,X1,2010,Дизел,120000,Рачен,Теренци-SUV,Златна,Странска,072020,124kw/169ks,
46,2500€,41.111733,20.798579,Ford,Flex,2001,Дизел,180000,Рачен,Седани,Сина,Македонска,012020,55kw/75ks,
47,2€,41.9870695865131,21.4519291484375,Audi,A3,1997,Дизел,25000,Рачен,Maлиградски,Сина,Македонска,032019,66kw/90ks,
48,3€,41.9870695865131,21.4519291484375,BMW,330,2001,Дизел,25000,Автоматски,Каравани,Црна,Македонска,092019,3kw/4ks,
49,1€,42.00877,21.45126,BMW,X3,2009,Дизел,150000,Автоматски,Теренци-SUV,Сива,Македонска,052018,55kw/75ks,
50,3€,41.9870695865131,21.4519291484375,Toyota,RAV4,2006,Дизел,180000,Рачен,Теренци-SUV,Сива,Македонска,052020,130kw/177ks,
51,3300€,42.205478,22.333429,Fiat,Bravo,2007,Дизел,180000,Рачен,Хеџбек,Сина,Македонска,042019,88kw/120ks,
52,1500€,41.745515,22.19396,Hyundai,Accent,2000,Бензин,160000,Рачен,Седани,,Македонска,102018,63kw/86ks,
53,5900€,41.9870695865131,21.4519291484375,Mercedes-Benz,C200,2005,Дизел,250000,Рачен,Седани,Сива,Македонска,062019,122kw/166ks,
54,7500€,42.205478,22.333429,Citroen,C5,2013,Дизел,140000,Рачен,Каравани,Бела,Македонска,022020,104kw/141ks,
55,2300€,41.346182,21.553379,VWVolkswagen,Golf,1998,Дизел,200000,Рачен,Хеџбек,Сива,Македонска,062019,81kw/110ks,
56,1€,41.346182,21.553379,VWVolkswagen,Touran,2005,Дизел,170000,Рачен,Хеџбек,Сива,Македонска,012020,77kw/105ks,
57,1€,41.346182,21.553379,Fiat,GrandePunto,2007,Дизел,170000,Рачен,Хеџбек,Сива,Македонска,012020,66kw/90ks,
58,2750€,42.205478,22.333429,Citroen,XsaraPicasso,2007,Дизел,130000,Рачен,Моноволумен,Црна,Македонска,012019,80kw/109ks,
59,1€,41.978187,21.427388,Audi,A8,2014,Дизел,130000,Автоматски,Седани,Црна,Странска,012020,190kw/258ks,
60,350€,41.9870695865131,21.4519291484375,Zastava,101,1985,Бензин,90000,Рачен,Maлиградски,Сива,Македонска,122018,40kw/54ks,
61,11800€,42.009423,20.971549,Audi,A4,2008,Дизел,250000,Автоматски,Седани,Сива,Македонска,062018,140kw/190ks,
62,950€,41.9870695865131,21.4519291484375,Opel,Corsa,1998,Бензин,200000,Рачен,Maлиградски,Сина,Македонска,092019,40kw/54ks,
63,1€,41.346182,21.553379,BMW,320,2001,Дизел,150000,Рачен,Седани,Црна,Македонска,042020,110kw/150ks,
64,1800€,41.711096,22.848172,BMW,330,2000,Бензин,180000,Автоматски,Купеа,Сива,Македонска,012018,170kw/231ks,
65,4300€,42.205478,22.333429,VWVolkswagen,Golf,2004,Дизел,190000,Автоматски,Хеџбек,Сива,Македонска,042019,103kw/140ks,
66,1200€,41.9870695865131,21.4519291484375,Renault,Clio,1997,Бензин,160000,Рачен,Maлиградски,,Македонска,102019,43kw/58ks,
67,4300€,42.205478,22.333429,Citroen,C3Picasso,2009,Дизел,190000,Рачен,Хеџбек,Сива,Македонска,012019,80kw/109ks,
68,3800€,42.205478,22.333429,Peugeot,207,2009,Бензин/Плин,170000,Рачен,Maлиградски,Црна,Македонска,032019,54kw/73ks,
69,1€,41.966811,22.781396,VWVolkswagen,Golf,2006,Дизел,200000,Рачен,Хеџбек,Црна,Македонска,072020,77kw/105ks,
70,15000€,41.346182,21.553379,BMW,316,2013,Дизел,130000,Рачен,Седани,Црна,Македонска,042022,85kw/116ks,Еуро5
71,1€,41.346182,21.553379,Mazda,6,2007,Дизел,200000,Рачен,Седани,Сива,Македонска,042020,89kw/121ks,
72,13500€,41.173346,20.677493,Audi,A6,2010,Дизел,200000,Автоматски,Седани,Сива,Македонска,082020,140kw/190ks,
73,150€,41.884235,22.515181,VWVolkswagen,Golf,1996,Дизел,15000,Рачен,Седани,Бела,Македонска,042018,44kw/60ks,
74,По договор,41.9870695865131,21.4519291484375,Peugeot,405,1993,Бензин,80000,Рачен,Седани,Сина,Македонска,,,
75,550€,41.9870695865131,21.4519291484375,VWVolkswagen,Polo,1993,Бензин/Плин,140000,Рачен,Каравани,Црвена,Македонска,012016,40kw/54ks,
76,По договор,41.9870695865131,21.4519291484375,VWVolkswagen,Golf,1993,Дизел,90000,Рачен,Каравани,,Македонска,112017,55kw/75ks,
77,По договор,41.9870695865131,21.4519291484375,Fiat,Bravo,1995,Бензин,90000,Рачен,Хеџбек,Црна,Македонска,112017,60kw/82ks,
78,По договор,41.9870695865131,21.4519291484375,Opel,Vectra,1998,Бензин,85000,Рачен,Седани,Сина,Македонска,,,
79,По договор,41.9870695865131,21.4519291484375,Opel,Astra,1997,Бензин,90000,Рачен,Седани,Црна,Македонска,052017,66kw/90ks,
80,По договор,41.9870695865131,21.4519291484375,AlfaRomeo,Alfa145,1997,Бензин,95000,Рачен,Хеџбек,,Македонска,,,
81,700€,41.9870695865131,21.4519291484375,Nissan,Primera,1998,Дизел,85000,Рачен,Каравани,Сива,Македонска,022016,60kw/82ks,
82,По договор,41.9870695865131,21.4519291484375,Fiat,Tipo,1995,Бензин,90000,Рачен,Хеџбек,Црвена,Македонска,022017,55kw/75ks,
83,1350€,41.9870695865131,21.4519291484375,AlfaRomeo,Alfa147,2002,Дизел,190000,Рачен,Хеџбек,Сива,Македонска,092019,84kw/114ks,
84,2800€,41.9870695865131,21.4519291484375,VWVolkswagen,Golf,2001,Дизел,200000,Автоматски,Каравани,Сива,Македонска,042020,101kw/137ks,
85,5700€,41.031728,21.329358,VWVolkswagen,Passat,2007,Дизел,200000,Рачен,Седани,Бела,Македонска,032020,103kw/140ks,
86,По договор,41.988855894014,21.4805027210732,VWVolkswagen,Passat,2002,Дизел,250000,Рачен,Каравани,Црна,Македонска,102019,96kw/131ks,
87,3800€,41.9870695865131,21.4519291484375,VWVolkswagen,Golf,2004,Дизел,200000,Рачен,Хеџбек,Сива,Македонска,042020,103kw/140ks,
88,1€,41.745515,22.19396,VWVolkswagen,Golf,2018,Дизел,30000,Рачен,Maлиградски,Црна,Македонска,122018,0kw/0ks,
89,2650€,41.9870695865131,21.4519291484375,Opel,Corsa,2005,Дизел,170000,Рачен,Maлиградски,Сива,Странска,052019,52kw/71ks,
90,400€,41.173346,20.677493,Opel,Astra,1998,Дизел,200000,Рачен,Каравани,,Македонска,052019,66kw/90ks,
91,1МКД,41.8768358077997,22.6279615935675,Ford,C-Max,2004,Дизел,200000,Рачен,Хеџбек,Сива,Македонска,122019,1kw/1ks,
92,1МКД,41.9870695865131,21.4519291484375,Mercedes-Benz,C200,1997,Бензин/Плин,140000,Рачен,Седани,Бела,Македонска,122019,200kw/272ks,
93,3500€,41.031728,21.329358,Peugeot,206,2010,Дизел,60000,Рачен,Maлиградски,Бела,Македонска,122020,50kw/68ks,
94,4300€,41.745515,22.19396,Fiat,Linea,2010,Бензин/Плин,90000,Рачен,Седани,Сина,Македонска,122018,57kw/77ks,
95,600€,41.9870695865131,21.4519291484375,Fiat,Tipo,1994,Дизел,110000,Рачен,Хеџбек,Бела,Македонска,012017,55kw/75ks,
96,1900€,41.031728,21.329358,Opel,Vectra,2000,Дизел,200000,Рачен,Каравани,Сива,Македонска,092019,74kw/101ks,
97,2399€,41.346182,21.553379,Opel,Corsa,2004,Дизел,160000,Рачен,Maлиградски,Сива,Странска,052019,51kw/69ks,
98,1€,41.440569,22.639528,VWVolkswagen,Golf,2007,Дизел,130000,Рачен,Седани,Црна,Странска,012020,0kw/0ks,
99,2600€,41.9870695865131,21.4519291484375,Chevrolet,Kalos,2005,Бензин/Плин,170000,Рачен,Хеџбек,Сива,Македонска,072019,61kw/83ks,
100,3500€,41.9958730453655,21.4346128070374,Renault,Megane,2004,Бензин,120000,Рачен,Хеџбек,Црна,Странска,032020,225kw/306ks,
101,1050€,42.132926,21.715878,Fiat,Punto,1998,Бензин,110000,Рачен,Maлиградски,Сина,Македонска,102019,55kw/75ks,
102,По договор,41.346182,21.553379,BMW,320,2006,Дизел,300000,Рачен,Седани,Сива,Македонска,072019,127kw/173ks,
103,1500€,42.009423,20.971549,Opel,Astra,2000,Бензин/Плин,190000,Рачен,Каравани,Бела,Македонска,072019,66kw/90ks,
104,2600€,41.9870695865131,21.4519291484375,Ford,Fusion,2002,Дизел,130000,Рачен,Хеџбек,Сива,Македонска,032020,14kw/19ks,
105,1€,41.440569,22.639528,Skoda,Octavia,2010,Дизел,160000,Рачен,Каравани,Црна,Странска,012020,105kw/143ks,
106,1550€,41.9870695865131,21.4519291484375,AlfaRomeo,Alfa147,2001,Дизел,200000,Рачен,Седани,Сива,Македонска,062019,81kw/110ks,
107,8300€,41.9870695865131,21.4519291484375,VWVolkswagen,Golf,2012,Дизел,100000,Рачен,,Црна,Македонска,062019,77kw/105ks,
108,100€,42.132926,21.715878,Nissan,X-Trail,2006,Дизел,200000,Рачен,Теренци-SUV,Сива,Македонска,,,
109,4950€,42.205478,22.333429,VWVolkswagen,Golf,2004,Дизел,190000,Рачен,Хеџбек,Црна,Македонска,012018,77kw/105ks,
110,4000€,41.9870695865131,21.4519291484375,Peugeot,207,2009,Дизел,95000,Рачен,,Црна,Македонска,032020,70kw/95ks,
111,2200€,42.132926,21.715878,Audi,A4,1997,Дизел,350000,Рачен,Каравани,Сина,Македонска,092019,81kw/110ks,
112,100€,42.1361679562417,21.7342185974121,Nissan,Terrano,2002,Дизел,130000,Рачен,Теренци-SUV,Црвена,Македонска,022017,150kw/204ks,
113,3000€,41.438304,22.004864,Mercedes-Benz,Vaneo,2002,Дизел,180000,Автоматски,Моноволумен,Сива,Македонска,102018,67kw/91ks,
114,3300€,41.745515,22.19396,Opel,Astra,2006,Дизел,300000,Рачен,Хеџбек,Сива,Македонска,052019,74kw/101ks,
115,1€,41.9870695865131,21.4519291484375,Opel,Astra,2005,Дизел,200000,Рачен,Хеџбек,Сива,Македонска,032020,89kw/121ks,
116,4900€,41.801881,20.913259,BMW,530,2004,Дизел,200000,Рачен,Седани,Црна,Странска,042020,225kw/306ks,
117,8800€,42.205478,22.333429,Audi,A4,2009,Дизел,200000,Рачен,Седани,Црна,Македонска,112019,106kw/144ks,
118,1€,41.111733,20.798579,VWVolkswagen,Bora,2002,Дизел,300000,Рачен,Каравани,Сива,Македонска,032020,110kw/150ks,
119,4700€,41.9870695865131,21.4519291484375,VWVolkswagen,Golf,2004,Дизел,180000,Рачен,Хеџбек,Црна,Македонска,042020,77kw/105ks,
120,1000€,41.9870695865131,21.4519291484375,Toyota,CorollaVerso,2009,Дизел,160000,Рачен,Моноволумен,Црна,Странска,032019,130kw/177ks,
121,1€,41.440569,22.639528,VWVolkswagen,Passat,2007,Дизел,130000,Рачен,Седани,Црна,Странска,012020,0kw/0ks,
122,11000€,41.9870695865131,21.4519291484375,Ford,Mondeo,2014,Дизел,140000,Рачен,Седани,Сива,Македонска,042019,103kw/140ks,
123,1€,41.9870695865131,21.4519291484375,Seat,Altea,2005,Дизел,180000,Рачен,Хеџбек,Сива,Македонска,052019,78kw/106ks,
124,1€,41.9870695865131,21.4519291484375,Seat,Ibiza,2005,Дизел,190000,Рачен,Хеџбек,Црна,Македонска,072019,78kw/106ks,
125,1300€,41.440569,22.639528,BMW,318,1995,Бензин,300000,Рачен,Седани,Црна,Македонска,072019,85kw/116ks,
126,1€,41.9870695865131,21.4519291484375,Audi,A3,2005,Дизел,190000,Рачен,Хеџбек,Црна,Македонска,102019,78kw/106ks,
127,2€,41.9870695865131,21.4519291484375,VWVolkswagen,Sharan,1998,Дизел,25000,Рачен,Моноволумен,Сина,Македонска,042019,1kw/1ks,
128,2200€,41.715954,21.770997,Opel,Astra,2000,Бензин/Плин,190000,Рачен,Хеџбек,Сива,Македонска,122019,85kw/116ks,
129,5500€,41.9870695865131,21.4519291484375,Fiat,Doblo,2007,Дизел,180000,Рачен,Останато,Бела,Македонска,122019,55kw/75ks,
130,500€,41.9870695865131,21.4519291484375,Nissan,Sunny,1991,Бензин,250000,Рачен,Седани,Сива,Македонска,112019,66kw/90ks,
131,7500€,41.484224,22.089622,Volvo,S80,2007,Дизел,200000,Рачен,Седани,Сива,Македонска,122019,136kw/185ks,
132,1400€,41.346182,21.553379,VWVolkswagen,Golf,1995,Дизел,200000,Рачен,Maлиградски,Црвена,Македонска,062019,66kw/90ks,
133,900€,41.9870695865131,21.4519291484375,VWVolkswagen,Golf,1995,Дизел,250000,Рачен,Купеа,Бела,Македонска,112019,57kw/77ks,
134,2700€,41.346182,21.553379,Ford,Galaxy,1999,Дизел,250000,Рачен,Каравани,Сива,Македонска,082019,115kw/156ks,
135,1€,41.4385379276835,22.6307732578493,Mercedes-Benz,E270,2002,Дизел,200000,Рачен,Седани,Сива,Македонска,012019,131kw/178ks,
136,2000€,41.801881,20.913259,Opel,Corsa,2002,Бензин,150000,Рачен,Maлиградски,Црвена,Македонска,012020,55kw/75ks,
137,1€,41.440569,22.639528,VWVolkswagen,Jetta,2005,Дизел,180000,Рачен,Седани,Сива,Македонска,022019,103kw/140ks,
138,4500€,42.132926,21.715878,Mercedes-Benz,C200,2003,Дизел,190000,Рачен,Седани,Црна,Македонска,082019,85kw/116ks,
139,1300€,41.346182,21.553379,Lada,Niva,1999,Бензин/Плин,30000,Рачен,Теренци-SUV,Зелена,Македонска,092019,55kw/75ks,
140,5000€,41.966811,22.781396,Audi,A4,2006,Дизел,140000,Автоматски,Каравани,Црна,Македонска,062019,111kw/151ks,
141,2999€,41.9870695865131,21.4519291484375,Audi,A3,2001,Дизел,300000,Рачен,Хеџбек,Црна,Македонска,052019,96kw/131ks,
142,3200€,41.989867,21.581912,Mercedes-Benz,C220,2000,Дизел,200000,Рачен,Седани,Сива,Македонска,042019,105kw/143ks,
143,5200€,41.9870695865131,21.4519291484375,BMW,120,2005,Дизел,250000,Рачен,Хеџбек,Црна,Македонска,102019,120kw/163ks,
144,3900€,42.205478,22.333429,VWVolkswagen,Golf,2007,Дизел,190000,Рачен,Хеџбек,Сива,Македонска,042020,78kw/106ks,
145,2500€,41.346182,21.553379,Audi,A3,2000,Дизел,140000,Рачен,Хеџбек,Црна,Македонска,022020,81kw/110ks,
146,2600€,41.9870695865131,21.4519291484375,Opel,Meriva,2005,Бензин/Плин,160000,Рачен,Maлиградски,Црвена,Македонска,122019,60kw/82ks,
147,1€,41.9870695865131,21.4519291484375,Peugeot,207,2006,Дизел,,Рачен,Maлиградски,Црна,Македонска,012019,80kw/109ks,
148,1€,41.9870695865131,21.4519291484375,Opel,Corsa,1998,Бензин/Плин,200000,Рачен,Maлиградски,Зелена,Македонска,012020,70kw/95ks,
149,123€,41.9669182201141,21.5507664003421,Opel,Astra,2005,Дизел,180000,Рачен,Хеџбек,Сива,Македонска,012019,74kw/101ks,
150,8500€,41.745515,22.19396,VWVolkswagen,Caddy,2010,Дизел,190000,Рачен,Каравани,Бела,Македонска,062019,55kw/75ks,
151,1100€,41.949632,21.502494,Peugeot,306,1997,Бензин,170000,Рачен,Maлиградски,Црвена,Македонска,072019,65kw/88ks,
152,10500€,42.132926,21.715878,BMW,X3,2008,Дизел,100000,Рачен,Теренци-SUV,Сива,Странска,052020,177kw/241ks,
153,4450€,42.205478,22.333429,VWVolkswagen,Touran,2006,Дизел,190000,Рачен,Хеџбек,Сива,Македонска,012018,103kw/140ks,
154,2650€,42.1902557963788,22.3273350211182,Fiat,Croma,2008,Дизел,190000,Рачен,Каравани,Сива,Македонска,012018,88kw/120ks,
155,1€,41.9870695865131,21.4519291484375,Peugeot,407,2005,Дизел,160000,Рачен,Седани,Сива,Странска,012019,80kw/109ks,
156,3100€,41.9870695865131,21.4519291484375,Toyota,Yaris,2005,Дизел,140000,Рачен,Maлиградски,Сива,Македонска,012018,75kw/102ks,
157,500€,41.884235,22.515181,Fiat,Punto,1993,Бензин,160000,Рачен,Maлиградски,Бела,Македонска,062019,0kw/0ks,
158,2190€,41.438304,22.004864,Audi,A6,2001,Дизел,25000,Автоматски,Седани,Сива,Македонска,112019,110kw/150ks,
159,2800€,41.865485,21.940845,Seat,Alhambra,2001,Дизел,200000,Рачен,Моноволумен,Сива,Македонска,062019,85kw/116ks,
160,1€,41.337355,21.33078,LandRover,Freelander,2001,Дизел,190000,Рачен,Седани,Сина,Македонска,062019,133kw/181ks,
161,1€,42.00877,21.45126,VWVolkswagen,Golf,2006,Бензин,150000,Рачен,Хеџбек,Црна,Македонска,062019,85kw/116ks,
162,123€,41.9670312473782,21.5504841015407,Peugeot,207,2007,Бензин/Плин,150000,Рачен,Хеџбек,Сива,Македонска,012019,65kw/88ks,
163,33000€,41.9870695865131,21.4519291484375,Lada,112,2003,Бензин/Плин,180000,Рачен,Хеџбек,Сива,Македонска,042019,66kw/90ks,
164,1800€,41.978187,21.427388,Citroen,Berlingo,2000,Дизел,200000,Рачен,Каравани,Сива,Македонска,032020,55kw/75ks,
165,9200€,41.111733,20.798579,Audi,A4,2008,Дизел,250000,Рачен,Седани,Црна,Македонска,092019,140kw/190ks,
166,4500€,41.51282,20.96083,VWVolkswagen,Tiguan,2005,Дизел,250000,Рачен,Каравани,Сива,Македонска,012018,102kw/139ks,
167,2000€,41.9870695865131,21.4519291484375,Audi,A4,1998,Дизел,250000,Рачен,Хеџбек,Сина,Македонска,112019,110kw/150ks,
168,1€,41.745515,22.19396,Mazda,3,2007,Дизел,180000,Рачен,Хеџбек,Црна,Странска,062019,80kw/109ks,
169,1€,41.949632,21.502494,Chevrolet,Captiva,2008,Дизел,150000,Рачен,Теренци-SUV,Сива,Македонска,122019,100kw/136ks,
170,3200€,41.9870695865131,21.4519291484375,Mitsubishi,Colt,2006,Дизел,100000,Рачен,Maлиградски,Сива,Македонска,102019,95kw/129ks,
171,22000€,41.9870695865131,21.4519291484375,Mercedes-Benz,350,2010,Дизел,180000,Автоматски,Теренци-SUV,Црна,Македонска,122020,555kw/755ks,
172,18900€,41.9870695865131,21.4519291484375,VWVolkswagen,Passat,2016,Дизел,110000,Автоматски,Седани,Црна,Македонска,082019,120kw/163ks,
173,3500€,42.0245585682924,21.4346694946289,Fiat,GrandePunto,2007,Дизел,110000,Рачен,Хеџбек,Сива,Македонска,092018,55kw/75ks,
174,2950€,41.9870695865131,21.4519291484375,VWVolkswagen,Polo,2006,Дизел,170000,Рачен,Maлиградски,Црна,Странска,012018,74kw/101ks,
175,6500€,41.440569,22.639528,Mercedes-Benz,E320,2008,Дизел,200000,Автоматски,Седани,Сива,Странска,052019,224kw/305ks,
176,2200€,41.031728,21.329358,Seat,Ibiza,2001,Бензин,180000,Рачен,Maлиградски,Сива,Македонска,102019,77kw/105ks,
177,2550€,41.484224,22.089622,Fiat,Stilo,2004,Дизел,170000,Рачен,Хеџбек,Сива,Македонска,052020,74kw/101ks,
178,1€,41.745515,22.19396,BMW,320,1999,Дизел,200000,Рачен,Седани,Зелена,Македонска,052020,1kw/1ks,
179,3000€,41.14712,22.507161,LandRover,Freelander,2001,Дизел,250000,Рачен,Теренци-SUV,Црна,Македонска,102019,82kw/111ks,
180,По договор,41.9870695865131,21.4519291484375,Audi,A4,2008,Дизел,180000,Автоматски,Седани,Сива,Македонска,122019,0kw/0ks,
181,По договор,41.9870695865131,21.4519291484375,Audi,A8,2011,Дизел,190000,Автоматски,Седани,Црна,Македонска,062019,0kw/0ks,
182,2500€,41.173346,20.677493,Renault,Megane,2005,Дизел,200000,Рачен,Каравани,Сива,Македонска,052019,60kw/82ks,
183,8500€,41.9870695865131,21.4519291484375,BMW,118,2009,Дизел,150000,Рачен,Седани,,Македонска,092019,106kw/144ks,
184,4500€,41.9870695865131,21.4519291484375,VWVolkswagen,Touran,2004,Дизел,200000,Рачен,Седани,Сива,Македонска,032020,103kw/140ks,
185,4500€,41.9870695865131,21.4519291484375,Seat,Altea,2004,Дизел,200000,Рачен,Maлиградски,Црна,Македонска,052020,103kw/140ks,
186,10000€,41.924335,22.404964,Audi,,2009,Дизел,200000,Рачен,Седани,Црна,Македонска,052019,0kw/0ks,
187,2550€,42.205478,22.333429,Lancia,Ypsilon,2005,Дизел,170000,Рачен,Maлиградски,Сива,Македонска,102019,51kw/69ks,
188,2500€,41.924335,22.404964,Peugeot,307,2004,Дизел,200000,Рачен,Хеџбек,Сива,Македонска,102019,77kw/105ks,
189,2300€,41.9870695865131,21.4519291484375,VWVolkswagen,Polo,2003,Бензин,200000,Рачен,Maлиградски,Сина,Странска,012019,55kw/75ks,
190,По договор,42.205478,22.333429,BMW,320,2003,Дизел,190000,Рачен,Седани,Сива,Македонска,092019,110kw/150ks,
191,570€,41.9870695865131,21.4519291484375,Yugo,45,1986,Бензин,80000,Рачен,,Бела,Македонска,042020,40kw/54ks,
192,4800€,41.315781,22.566826,Mercedes-Benz,C270,2001,Дизел,200000,Автоматски,Седани,Сива,Македонска,122019,120kw/163ks,
193,3550€,41.031728,21.329358,Opel,Vectra,2004,Бензин/Плин,200000,Рачен,Седани,Сива,Македонска,072019,90kw/122ks,
194,1€,41.173346,20.677493,Audi,A4,2007,Дизел,180000,Автоматски,Каравани,Црна,Македонска,012018,103kw/140ks,
195,4900€,41.801881,20.913259,BMW,Другмодел,2004,Дизел,200000,Рачен,Седани,Златна,Странска,052020,225kw/306ks,
196,650€,41.9870695865131,21.4519291484375,Rover,400,1997,Бензин/Плин,5000,Рачен,Седани,Сива,Македонска,022019,14kw/19ks,
197,1700€,41.14712,22.507161,Други,,2002,Дизел,5000,Рачен,Хеџбек,,Македонска,062019,19kw/26ks,
198,2100€,41.9870695865131,21.4519291484375,Opel,Zafira,2003,Дизел,150000,Рачен,Моноволумен,Сива,Македонска,052020,74kw/101ks,
199,4500€,41.978187,21.427388,Fiat,Doblo,2008,Дизел,170000,Рачен,Каравани,Црна,Македонска,052020,78kw/106ks,
200,1800€,41.801881,20.913259,Opel,Vectra,1998,Бензин/Плин,200000,Рачен,Седани,Зелена,Македонска,112019,85kw/116ks,
201,2900€,41.9870695865131,21.4519291484375,Mini,Coope,2001,Бензин,200000,Рачен,Maлиградски,Сива,Македонска,092020,85kw/116ks,
202,По договор,42.013646,21.32586,Opel,Vectra,2007,Дизел,180000,Рачен,Седани,Сина,Македонска,042020,120kw/163ks,
203,3899€,41.9870695865131,21.4519291484375,Mercedes-Benz,A180,2005,Дизел,180000,Рачен,Maлиградски,Сива,Странска,092020,80kw/109ks,
204,4299€,41.9870695865131,21.4519291484375,Mini,ONE,2005,Бензин,190000,Рачен,Maлиградски,Црна,Странска,052020,87kw/118ks,
205,800€,41.346182,21.553379,BMW,525,1995,Дизел,5000,Рачен,Каравани,Црна,Македонска,022019,85kw/116ks,
206,850€,41.924335,22.404964,Opel,Vectra,1995,Дизел,190000,Рачен,Седани,Црвена,Македонска,122019,44kw/60ks,
207,999€,41.801881,20.913259,Peugeot,206,2000,Бензин,150000,Рачен,Хеџбек,Сина,Македонска,062019,55kw/75ks,
208,4500€,41.949632,21.502494,BMW,118,2008,Бензин,200000,Рачен,Хеџбек,Зелена,Македонска,012018,104kw/141ks,
209,5500€,41.949632,21.502494,Mercedes-Benz,A170,2005,Бензин,190000,Рачен,Седани,Бела,Македонска,102018,85kw/116ks,
210,3900€,42.205478,22.333429,VWVolkswagen,Touran,2005,Дизел,190000,Рачен,Хеџбек,Сива,Македонска,042019,104kw/141ks,
211,1€,41.440569,22.639528,VWVolkswagen,Golf,1994,Дизел,190000,Рачен,Хеџбек,Сина,Македонска,042020,55kw/75ks,
212,3000€,42.205478,22.333429,VWVolkswagen,Polo,2006,Дизел,180000,Рачен,Хеџбек,Сива,Македонска,042019,54kw/73ks,
213,3600€,41.9870695865131,21.4519291484375,VWVolkswagen,Golf,2005,Дизел,200000,Рачен,Хеџбек,Црна,Македонска,072019,105kw/143ks,
214,6900€,41.111733,20.798579,BMW,318,2007,Дизел,200000,Рачен,Каравани,Црна,Странска,012018,143kw/194ks,
215,4600€,42.205478,22.333429,VWVolkswagen,Passat,2006,Дизел,200000,Автоматски,Каравани,Црна,Македонска,052019,103kw/140ks,
216,5400€,41.440569,22.639528,BMW,530,2003,Дизел,200000,Автоматски,Седани,Сива,Странска,122020,184kw/250ks,
217,5000€,42.0000829648417,21.4653710389157,VWVolkswagen,Golf,2008,Бензин,170000,Рачен,Хеџбек,Црна,Македонска,032020,59kw/80ks,
218,4850€,41.438304,22.004864,VWVolkswagen,Passat,2005,Дизел,180000,Рачен,Каравани,Златна,Македонска,112018,103kw/140ks,
219,По договор,41.346182,21.553379,Mercedes-Benz,320,2003,Дизел,200000,Автоматски,Седани,Сива,Македонска,062019,150kw/204ks,
220,1800€,41.173346,20.677493,Opel,Astra,2000,Дизел,200000,Рачен,Седани,Сива,Македонска,122018,77kw/105ks,
221,2500€,41.9870695865131,21.4519291484375,Fiat,Punto,2005,Дизел,180000,Рачен,Maлиградски,Сива,Македонска,062018,50kw/68ks,
222,7€,42.0653040889049,22.1753883361816,Seat,Toledo,2001,Дизел,20000,Рачен,Седани,Зелена,Македонска,032018,6kw/8ks,
223,5450€,42.205478,22.333429,Audi,A4,2006,Дизел,190000,Рачен,Седани,Сива,Македонска,012018,103kw/140ks,
224,3700€,41.9870695865131,21.4519291484375,Opel,Astra,2005,Дизел,200000,Рачен,Хеџбек,Сива,Македонска,122019,110kw/150ks,
225,2500€,41.801881,20.913259,Wartburg,353,1984,Бензин,90000,Рачен,Седани,Зелена,Македонска,032018,4kw/5ks,
226,4000€,41.438304,22.004864,VWVolkswagen,Polo,2006,Дизел,200000,Рачен,Maлиградски,Сива,Македонска,032020,51kw/69ks,
227,1500€,41.745515,22.19396,VWVolkswagen,Golf,2001,Дизел,250000,Рачен,Хеџбек,Сина,Странска,062019,66kw/90ks,
228,3700€,41.9870695865131,21.4519291484375,Opel,Astra,2005,Дизел,200000,Рачен,Хеџбек,Сива,Македонска,122019,110kw/150ks,
229,700€,41.1278245652221,20.8217246721667,Ford,Fiesta,1993,Бензин,150000,Рачен,Maлиградски,,Македонска,122019,40kw/54ks,
230,По договор,41.484224,22.089622,Opel,Astra,1994,Дизел,190000,Рачен,Хеџбек,Бела,Македонска,012019,50kw/68ks,
231,850€,41.031728,21.329358,Lada,112,2002,Бензин,85000,Рачен,Хеџбек,Сива,Македонска,032019,66kw/90ks,
232,5500€,41.9997002563978,21.4754682147523,VWVolkswagen,Golf,2007,Дизел,180000,Рачен,Хеџбек,Црна,Македонска,012018,77kw/105ks,
233,1900€,41.9870695865131,21.4519291484375,Ford,Focus,2002,Дизел,110000,Рачен,Хеџбек,Црна,Македонска,022019,66kw/90ks,
234,2500€,41.1985459099227,22.5785716928771,VWVolkswagen,Fox,2006,Дизел,180000,Рачен,Maлиградски,Црна,Македонска,012020,51kw/69ks,
235,9000€,42.132926,21.715878,Mercedes-Benz,CL500,1995,Бензин/Плин,120000,Автоматски,Седани,Сива,Македонска,012017,320kw/435ks,
236,2000€,41.715954,21.770997,Ford,Focus,1999,Бензин/Плин,250000,Рачен,Каравани,Сива,Македонска,082019,74kw/101ks,
237,4250€,42.132926,21.715878,Mazda,5,2007,Дизел,190000,Рачен,Хеџбек,Црна,Македонска,062019,90kw/122ks,
238,1€,42.132926,21.715878,Audi,A4,2013,Дизел,150000,Автоматски,Седани,Сива,Странска,022019,105kw/143ks,
239,3400€,41.9870695865131,21.4519291484375,Opel,Zafira,2007,Дизел,180000,Рачен,Моноволумен,Сива,Странска,092020,88kw/120ks,
240,5700€,41.9870695865131,21.4519291484375,VWVolkswagen,Eos,2008,Бензин,200000,Рачен,Кабриолети,Сина,Македонска,042020,110kw/150ks,
241,1€,41.745515,22.19396,Seat,Cordoba,2008,Дизел,160000,Рачен,Седани,Црна,Странска,012020,74kw/101ks,
242,1000€,41.949632,21.502494,Renault,Modus,2005,Дизел,180000,Рачен,Maлиградски,Сива,Странска,012019,48kw/65ks,
243,2200€,41.031728,21.329358,Peugeot,307,2007,Дизел,200000,Рачен,Каравани,Сива,Странска,122019,66kw/90ks,
244,10МКД,41.51282,20.96083,VWVolkswagen,Passat,2006,Дизел,200000,Рачен,Каравани,Црна,Македонска,122019,103kw/140ks,
245,10МКД,41.51282,20.96083,VWVolkswagen,Passat,2007,Дизел,200000,Автоматски,Каравани,Сива,Македонска,122019,125kw/170ks,
246,1799€,42.1997715938364,22.3093105765381,Opel,Vectra,2001,Бензин/Плин,250000,Рачен,Каравани,Зелена,Македонска,102019,92kw/125ks,
247,6400€,41.711096,22.848172,BMW,X5,2003,Бензин/Плин,200000,Автоматски,Хеџбек,Сива,Македонска,102019,136kw/185ks,
248,По договор,41.9870695865131,21.4519291484375,VWVolkswagen,Golf,2006,Дизел,190000,Рачен,Седани,Црна,Македонска,022019,77kw/105ks,
249,3300€,41.51282,20.96083,Fiat,Punto,2006,Дизел,85000,Автоматски,Maлиградски,Сина,Македонска,012019,66kw/90ks,
250,10€,41.51282,20.96083,Fiat,Ulysse,1999,Дизел,190000,Рачен,Моноволумен,Зелена,Македонска,012018,66kw/90ks,
251,7000€,41.635743,22.470056,Audi,A6,2005,Дизел,250000,Автоматски,Седани,Сива,Македонска,042020,230kw/313ks,
252,2000€,41.801881,20.913259,Opel,Astra,2001,Дизел,160000,Рачен,Седани,Сива,Македонска,022020,74kw/101ks,
253,2800€,41.9870695865131,21.4519291484375,Renault,Scenic,2006,Дизел,200000,Рачен,Хеџбек,Сина,Македонска,052020,78kw/106ks,
254,9999€,41.924335,22.404964,Nissan,Qashqai+2,2012,Дизел,70000,Рачен,Теренци-SUV,Црна,Странска,032020,74kw/101ks,
255,2350€,41.9870695865131,21.4519291484375,Ford,Focus,2003,Дизел,180000,Рачен,Хеџбек,Сива,Македонска,112019,85kw/116ks,
256,1€,41.9870695865131,21.4519291484375,Opel,Corsa,2005,Дизел,170000,Рачен,Останато,Сива,Македонска,112019,74kw/101ks,
257,По договор,41.9870695865131,21.4519291484375,Audi,Q7,2007,Дизел,200000,Автоматски,Седани,Сива,Македонска,022020,171kw/232ks,
258,3799€,41.346182,21.553379,VWVolkswagen,Polo,2007,Дизел,170000,Рачен,Maлиградски,Сива,Македонска,092018,59kw/80ks,
259,3199€,41.346182,21.553379,Fiat,GrandePunto,2006,Бензин/Плин,120000,Рачен,Maлиградски,Сива,Македонска,042019,44kw/60ks,
260,4500€,41.9870695865131,21.4519291484375,Peugeot,407,2007,Дизел,130000,Рачен,Седани,Сива,Македонска,042020,130kw/177ks,
261,3300€,41.173346,20.677493,VWVolkswagen,Passat,2001,Дизел,200000,Рачен,Седани,Сива,Македонска,092019,98kw/133ks,
262,13500€,42.009423,20.971549,Audi,A4,2010,Дизел,200000,Полуавтоматски,Седани,Бела,Македонска,042019,140kw/190ks,
263,4000€,41.484224,22.089622,Audi,A4,2006,Дизел,250000,Рачен,Каравани,Црна,Македонска,032020,85kw/116ks,
264,По договор,42.132926,21.715878,Opel,Corsa,1996,Дизел,200000,Рачен,Maлиградски,Сина,Македонска,032020,0kw/0ks,
265,3800€,41.9870695865131,21.4519291484375,Mercedes-Benz,200,2003,Дизел,250000,Рачен,Седани,Сина,Македонска,062019,85kw/116ks,
266,2300€,41.9870695865131,21.4519291484375,VWVolkswagen,Polo,2003,Бензин,200000,Рачен,Maлиградски,Црна,Македонска,052020,47kw/64ks,
267,4350€,42.205478,22.333429,VWVolkswagen,GolfPlus,2006,Дизел,180000,Рачен,Хеџбек,Сива,Македонска,012018,77kw/105ks,
268,2500€,41.994543,22.181289,Opel,Zafira,2004,Дизел,170000,Рачен,Моноволумен,Сина,Македонска,082019,74kw/101ks,
269,800€,41.9870695865131,21.4519291484375,Ford,Escort,1993,Бензин/Плин,200000,Рачен,Каравани,Зелена,Македонска,102019,63kw/86ks,
270,5300€,41.9870695865131,21.4519291484375,Citroen,Jumpy,2007,Дизел,250000,Рачен,Моноволумен,Бела,Македонска,122019,1kw/1ks,
271,1€,41.9870695865131,21.4519291484375,VWVolkswagen,Passat,2005,Дизел,200000,Рачен,Седани,Црна,Македонска,062019,77kw/105ks,
272,1€,42.003425,21.463615,Renault,Megane,2004,Дизел,150000,Рачен,Каравани,Сина,Македонска,012019,88kw/120ks,
273,По договор,41.51282,20.96083,Citroen,Xsara,1997,Бензин,180000,Рачен,Хеџбек,Сива,Македонска,012017,75kw/102ks,
274,1€,42.132926,21.715878,Renault,Clio,2001,Дизел,200000,Рачен,Maлиградски,Сина,Македонска,032020,48kw/65ks,
275,2899€,41.9870695865131,21.4519291484375,Audi,A3,2000,Дизел,250000,Рачен,Хеџбек,Сива,Македонска,092019,81kw/110ks,
276,2700€,41.111733,20.798579,VWVolkswagen,Polo,2003,Бензин,130000,Рачен,Maлиградски,,Македонска,022020,55kw/75ks,
277,1МКД,41.111733,20.798579,Ford,Fiesta,1997,Бензин,150000,Рачен,Maлиградски,Сина,Македонска,092019,44kw/60ks,
278,5800€,41.031728,21.329358,VWVolkswagen,Passat,2006,Дизел,180000,Полуавтоматски,Каравани,Црна,Македонска,102019,105kw/143ks,
279,6800€,41.031728,21.329358,Audi,A6,2006,Дизел,190000,Рачен,Седани,Црна,Македонска,022020,132kw/179ks,
280,43000МКД,41.14712,22.507161,Yugo,45,1991,Бензин,110000,Рачен,Maлиградски,Црвена,Македонска,022019,60kw/82ks,
281,4200€,41.9870695865131,21.4519291484375,Mercedes-Benz,S320,2002,Дизел,300000,Автоматски,Седани,Црна,Македонска,062019,150kw/204ks,
282,15000€,41.4502196337958,22.6684448953895,Mercedes-Benz,E220,2007,Дизел,110000,Автоматски,Седани,,Македонска,122019,125kw/170ks,
283,3000€,41.031728,21.329358,Mercedes-Benz,E320,2001,Бензин/Плин,250000,Автоматски,Седани,Црна,Македонска,022020,165kw/224ks,
284,3850€,41.715954,21.770997,VWVolkswagen,Golf,2004,Дизел,190000,Рачен,Хеџбек,Сива,Македонска,062019,77kw/105ks,
285,2000€,42.132926,21.715878,Peugeot,406,2000,Дизел,250000,Рачен,Седани,Сина,Македонска,082019,66kw/90ks,
286,2000€,41.031728,21.329358,VWVolkswagen,Golf,2001,Бензин,190000,Рачен,Останато,Црна,Македонска,042020,55kw/75ks,
287,4300€,42.0220081167703,21.4995574951172,Hyundai,SantaFe,2002,Дизел,150000,Рачен,Хеџбек,Жолта,Македонска,062018,115kw/156ks,
288,1600€,41.484224,22.089622,Toyota,Yaris,2003,Бензин,150000,Рачен,Maлиградски,Сива,Странска,082019,63kw/86ks,
289,4500€,41.9870695865131,21.4519291484375,Peugeot,308,2009,Дизел,190000,Рачен,Хеџбек,Сива,Македонска,072019,66kw/90ks,
290,6500€,42.009423,20.971549,Mercedes-Benz,220,2004,Дизел,200000,Автоматски,Седани,Сива,Македонска,062020,170kw/231ks,
291,3000€,41.9870695865131,21.4519291484375,VWVolkswagen,Golf,2005,Дизел,200000,Рачен,Хеџбек,Црна,Македонска,112019,70kw/95ks,
292,1300€,42.132926,21.715878,Citroen,Xsara,1998,Бензин,200000,Рачен,Седани,Бела,Македонска,012020,66kw/90ks,
293,4750€,41.031728,21.329358,VWVolkswagen,Golf,2008,Дизел,250000,Рачен,Каравани,Бела,Македонска,072019,77kw/105ks,
294,2750€,41.924335,22.404964,Ford,Fiesta,2008,Дизел,180000,Рачен,Maлиградски,Црна,Македонска,042018,55kw/75ks,
295,По договор,41.9870695865131,21.4519291484375,BMW,320,2014,Дизел,170000,Автоматски,Седани,Сина,Странска,022020,135kw/184ks,
296,2550€,41.9870695865131,21.4519291484375,VWVolkswagen,Fox,2006,Бензин,160000,Рачен,Хеџбек,Сива,Странска,122019,40kw/54ks,
297,2850€,41.9870695865131,21.4519291484375,Fiat,GrandePunto,2007,Дизел,190000,Рачен,Хеџбек,Црна,Странска,122019,95kw/129ks,
298,3290€,42.009423,20.971549,VWVolkswagen,Touran,2004,Дизел,200000,Рачен,Каравани,Сива,Странска,022019,80kw/109ks,
299,1500€,42.132926,21.715878,Renault,Scenic,2003,Бензин/Плин,180000,Рачен,Моноволумен,Сина,Странска,052020,83kw/113ks,
300,5500€,41.14712,22.507161,VWVolkswagen,Golf,2008,Дизел,200000,Рачен,Хеџбек,Црна,Македонска,052020,103kw/140ks,
301,2500€,42.132926,21.715878,Citroen,C4,2008,Дизел,250000,Автоматски,Моноволумен,Бела,Странска,012019,0kw/0ks,
302,1200€,41.031728,21.329358,Renault,Twingo,1998,Бензин/Плин,190000,Рачен,Maлиградски,Жолта,Македонска,052018,47kw/64ks,
303,По договор,41.745515,22.19396,Renault,R9,1996,Бензин,85000,Рачен,Седани,Бела,Македонска,042018,0kw/0ks,
304,4500€,42.0036458321017,21.4853900671005,Mazda,5,2007,Дизел,170000,Рачен,Моноволумен,Сива,Македонска,052020,81kw/110ks,
305,2100€,41.711096,22.848172,Chevrolet,Kalos,2005,Бензин/Плин,150000,Рачен,Седани,Сива,Македонска,102019,70kw/95ks,
306,2700€,41.949632,21.502494,Smart,ForTwo,2002,Дизел,180000,Полуавтоматски,Maлиградски,Црвена,Македонска,022020,30kw/41ks,
307,24500€,42.132926,21.715878,Porsche,Cayenne,2011,Бензин,200000,Автоматски,Теренци-SUV,Бела,Странска,122020,469kw/638ks,
308,17900€,41.173346,20.677493,VWVolkswagen,Passat,2015,Дизел,120000,Автоматски,Каравани,Црна,Македонска,042019,150kw/204ks,
309,2499€,41.9870695865131,21.4519291484375,Opel,Zafira,2004,Дизел,200000,Рачен,Моноволумен,Бела,Македонска,062020,64kw/87ks,
310,1300€,41.438304,22.004864,Lada,110,2000,Бензин,45000,Рачен,Седани,Златна,Македонска,042019,54kw/73ks,
311,По договор,42.2015784589642,21.70021865981,VWVolkswagen,Transporter,1995,Дизел,250000,Рачен,Останато,Сина,Македонска,052018,57kw/77ks,
312,1€,41.801881,20.913259,Chevrolet,Cruze,2009,Бензин/Плин,180000,Рачен,Седани,Црвена,Македонска,092019,115kw/156ks,
313,По договор,42.205478,22.333429,Opel,Astra,2006,Дизел,140000,Рачен,Хеџбек,Сива,Македонска,012019,74kw/101ks,
314,7000€,41.9870695865131,21.4519291484375,BMW,320,2005,Дизел,180000,Рачен,Седани,Сива,Македонска,052020,120kw/163ks,
315,12000€,41.9870695865131,21.4519291484375,Mercedes-Benz,ML350,2009,Дизел,200000,Автоматски,Теренци-SUV,Црна,Странска,102019,230kw/313ks,
316,14500€,41.9870695865131,21.4519291484375,VWVolkswagen,Beetle,2015,Дизел,35000,Рачен,Купеа,Црвена,Македонска,092019,16kw/22ks,
317,По договор,41.9870695865131,21.4519291484375,Peugeot,307,2005,Бензин/Плин,160000,Рачен,Хеџбек,Сива,Македонска,112019,65kw/88ks,
318,4200€,41.745515,22.19396,Hyundai,SantaFe,2004,Дизел,170000,Рачен,Теренци-SUV,Црна,Македонска,122019,92kw/125ks,
319,По договор,41.438304,22.004864,Opel,Astra,2000,Дизел,250000,Рачен,Каравани,Сива,Македонска,072018,55kw/75ks,
320,6200€,42.205478,22.333429,BMW,320,2007,Дизел,170000,Рачен,Седани,Црна,Македонска,032020,121kw/165ks,
321,5500€,41.484224,22.089622,Mercedes-Benz,C220,2004,Дизел,200000,Рачен,Седани,Сива,Странска,122019,90kw/122ks,
322,3700€,41.4034669850446,21.6370582580566,Opel,Astra,2005,Дизел,180000,Рачен,Каравани,Сива,Странска,022020,110kw/150ks,
323,3400€,41.801881,20.913259,Ford,Transit,2004,Дизел,200000,Рачен,Моноволумен,Жолта,Македонска,072019,75kw/102ks,
324,1€,41.9870695865131,21.4519291484375,Audi,A3,2007,Дизел,190000,Рачен,Maлиградски,Црна,Македонска,062019,77kw/105ks,
325,2600€,41.484224,22.089622,Fiat,Stilo,2002,Дизел,250000,Рачен,Хеџбек,Сива,Македонска,032020,85kw/116ks,
326,45000МКД,41.924335,22.404964,Renault,Megane,2002,Дизел,90000,Рачен,Седани,Бела,Македонска,032019,75kw/102ks,
327,1300€,41.031728,21.329358,Daewoo,Matiz,2004,Бензин,95000,Рачен,Maлиградски,,Македонска,062019,35kw/48ks,
328,9000€,41.9870695865131,21.4519291484375,BMW,X3,2006,Дизел,190000,Рачен,Теренци-SUV,Сива,Македонска,012020,222kw/302ks,
329,3500€,41.111733,20.798579,Opel,Meriva,2009,Дизел,120000,Рачен,Теренци-SUV,Црна,Македонска,072019,74kw/101ks,
330,5800€,41.9870695865131,21.4519291484375,Peugeot,207,2008,Бензин,120000,Автоматски,Кабриолети,Црна,Македонска,082019,120kw/163ks,
331,3000€,41.484224,22.089622,Mercedes-Benz,C200,2003,Дизел,300000,Рачен,Седани,Црна,Странска,072019,88kw/120ks,
332,По договор,41.438304,22.004864,VWVolkswagen,Touran,2003,Дизел,200000,Рачен,Моноволумен,,Странска,112019,0kw/0ks,
333,4000€,41.966811,22.781396,Citroen,C4,2006,Дизел,250000,Рачен,Хеџбек,Сива,Македонска,092019,1kw/1ks,
334,2399€,41.991502,21.39781,Fiat,Punto,2003,Бензин/Плин,120000,Рачен,Maлиградски,Сина,Македонска,042019,44kw/60ks,
335,1€,42.132926,21.715878,BMW,320,2001,Дизел,250000,Рачен,Седани,Сина,Македонска,052019,100kw/136ks,
336,1500€,42.132926,21.715878,Renault,Kangoo,2000,Дизел,200000,Рачен,,Сина,Македонска,052019,55kw/75ks,
337,22900€,41.9870695865131,21.4519291484375,Audi,A5,2011,Дизел,120000,Рачен,Седани,Сива,Македонска,112020,177kw/241ks,
338,13000€,41.516028,20.533415,Audi,S6,2008,Дизел,190000,Автоматски,Седани,Црна,Македонска,012020,171kw/232ks,
339,5000€,42.205478,22.333429,Ford,Focus,2009,Дизел,15000,Рачен,Седани,Сива,Македонска,012019,66kw/90ks,
340,1700€,41.173346,20.677493,Audi,A6,1997,Дизел,200000,Рачен,Седани,Сива,Македонска,082018,150kw/204ks,
341,133546€,41.993825,21.436139,Renault,R5,2011,Дизел,180000,Рачен,Maлиградски,Бела,Македонска,022020,15kw/20ks,
342,850€,41.9870695865131,21.4519291484375,Lancia,Ypsilon,1998,Бензин,180000,Рачен,Maлиградски,Сива,Македонска,032019,1kw/1ks,
343,5800€,41.9870695865131,21.4519291484375,BMW,118,2006,Дизел,190000,Рачен,Хеџбек,Црна,Македонска,022020,90kw/122ks,
344,4290€,41.9870695865131,21.4519291484375,VWVolkswagen,Jetta,2005,Дизел,250000,Рачен,Седани,Црна,Македонска,082019,77kw/105ks,
345,1€,41.924335,22.404964,Renault,Scenic,2006,Дизел,190000,Рачен,Моноволумен,Сива,Македонска,062019,88kw/120ks,
346,1€,41.715954,21.770997,BMW,523,1999,Бензин/Плин,200000,Рачен,Седани,Сива,Македонска,122019,127kw/173ks,
347,5555€,42.205478,22.333429,VWVolkswagen,Jetta,2007,Дизел,190000,Рачен,Седани,Сива,Македонска,012018,77kw/105ks,
348,1€,42.132926,21.715878,Audi,A6,2007,Дизел,190000,Автоматски,Каравани,Црна,Македонска,042020,132kw/179ks,
349,4290€,41.9921731892478,21.4760140442868,Skoda,Octavia,2007,Дизел,200000,Рачен,Каравани,Бела,Македонска,072019,77kw/105ks,
350,2200€,41.715954,21.770997,VWVolkswagen,Golf,1999,Бензин/Плин,200000,Рачен,Хеџбек,Црна,Македонска,032020,65kw/88ks,
351,750€,41.9870695865131,21.4519291484375,Opel,Astra,1994,Дизел,200000,Рачен,Каравани,Зелена,Македонска,012019,44kw/60ks,
352,2€,41.9870695865131,21.4519291484375,Peugeot,206,2005,Дизел,140000,Рачен,Хеџбек,Сива,Македонска,042019,50kw/68ks,
353,По договор,41.346182,21.553379,Citroen,C4,2007,Бензин,180000,Рачен,Хеџбек,Сива,Странска,022019,65kw/88ks,
354,5500€,42.132926,21.715878,Fiat,Punto,2011,Дизел,150000,Рачен,Хеџбек,Црвена,Странска,012020,62kw/84ks,
355,1€,41.438304,22.004864,BMW,X3,2007,Дизел,200000,Рачен,Теренци-SUV,Сива,Македонска,052019,110kw/150ks,
356,3100€,41.315781,22.566826,VWVolkswagen,Golf,2000,Дизел,150000,Рачен,Хеџбек,Сива,Македонска,052019,85kw/116ks,
357,6100€,41.440569,22.639528,Renault,Megane,2010,Дизел,150000,Рачен,Хеџбек,Сива,Македонска,012019,88kw/120ks,
358,1€,42.009423,20.971549,VWVolkswagen,Polo,1999,Бензин,150000,Рачен,Maлиградски,Зелена,Странска,012018,1kw/1ks,
359,1€,41.438304,22.004864,Audi,A4,2008,Дизел,160000,Рачен,Седани,Црна,Странска,022020,105kw/143ks,
360,1300€,41.801881,20.913259,Opel,Vectra,1999,Дизел,200000,Рачен,Седани,Сина,Македонска,082019,75kw/102ks,
361,3100€,41.715954,21.770997,BMW,320,2000,Дизел,250000,Рачен,Седани,Сина,Македонска,092019,100kw/136ks,
362,4600€,41.4322553268242,22.0171914326324,Fiat,Doblo,2008,Дизел,180000,Рачен,Моноволумен,Црвена,Македонска,082019,62kw/84ks,
363,1€,42.0040245305279,21.0434532165527,Audi,A4,2005,Дизел,20000,Рачен,Maлиградски,Бела,Странска,,,
364,1200€,41.9870695865131,21.4519291484375,Opel,Omega,1993,Дизел,300000,Рачен,Седани,Златна,Македонска,062019,74kw/101ks,
365,7200€,41.9873247763677,21.4806743824502,VWVolkswagen,Touran,2008,Дизел,200000,Автоматски,Моноволумен,Сива,Македонска,012020,125kw/170ks,
366,1€,41.9870695865131,21.4519291484375,Audi,Q5,2009,Дизел,190000,Автоматски,Теренци-SUV,Црна,Македонска,022020,180kw/245ks,
367,14000€,41.9870695865131,21.4519291484375,BMW,530,2009,Дизел,200000,Автоматски,Седани,Сива,Македонска,012020,145kw/197ks,
368,3300€,42.00877,21.45126,AlfaRomeo,Alfa159,2006,Дизел,160000,Рачен,Каравани,Сина,Македонска,012017,150kw/204ks,
369,1150€,41.745515,22.19396,Opel,Corsa,1997,Бензин,140000,Рачен,Maлиградски,Зелена,Македонска,062019,36kw/49ks,
370,1€,41.438304,22.004864,Renault,R21,1993,Бензин/Плин,200000,Рачен,Седани,Зелена,Македонска,012018,1kw/1ks,
371,1€,41.745515,22.19396,BMW,525,2002,Дизел,300000,Автоматски,Седани,Сива,Македонска,072019,130kw/177ks,
372,2450€,41.9945843018283,21.4750099182129,VWVolkswagen,Polo,2003,Бензин,140000,Рачен,Maлиградски,Црна,Македонска,032019,44kw/60ks,
373,3600€,42.2113551563812,22.3542594909668,Opel,Astra,2006,Дизел,190000,Рачен,Каравани,Сива,Македонска,052018,88kw/120ks,
374,4250€,42.132926,21.715878,Peugeot,308,2008,Дизел,,Рачен,Хеџбек,Сива,Македонска,092019,77kw/105ks,
375,3190€,41.9870695865131,21.4519291484375,Seat,Altea,2004,Дизел,200000,Рачен,Седани,Сина,Странска,052019,77kw/105ks,
376,850€,41.9870695865131,21.4519291484375,VWVolkswagen,Golf,1990,Бензин/Плин,190000,Рачен,Седани,Црвена,Македонска,052019,1kw/1ks,
377,4100€,41.994543,22.181289,Opel,Zafira,2007,Дизел,160000,Рачен,,Црна,Македонска,122019,88kw/120ks,
378,1000€,41.484224,22.089622,Dacija,Nova,2001,Бензин/Плин,100000,Рачен,Седани,Сива,Македонска,032019,55kw/75ks,
379,По договор,41.9870695865131,21.4519291484375,Fiat,Bravo,2007,Дизел,130000,Рачен,Хеџбек,Сина,Македонска,032020,88kw/120ks,
380,1€,41.440569,22.639528,Audi,Q7,2007,Дизел,200000,Автоматски,Теренци-SUV,Црна,Странска,012020,235kw/320ks,
381,7800€,42.009423,20.971549,BMW,525,2005,Дизел,180000,Рачен,Седани,Црна,Македонска,122018,130kw/177ks,
382,5€,41.801881,20.913259,BMW,118,2007,Дизел,190000,Рачен,Хеџбек,Црна,Македонска,042019,105kw/143ks,
383,6400€,41.440569,22.639528,Mercedes-Benz,E280,2006,Дизел,200000,Автоматски,Седани,Црна,Македонска,012020,190kw/258ks,
384,5900€,41.516028,20.533415,Mercedes-Benz,C200,2004,Дизел,200000,Рачен,Седани,Црна,Македонска,022019,90kw/122ks,
385,3000€,42.0045023152148,21.3352751023505,Fiat,GrandePunto,2006,Дизел,170000,Рачен,Останато,Сива,Македонска,042019,55kw/75ks,
386,750€,42.132926,21.715878,,,,,,,,,,,,
387,3750€,41.173346,20.677493,Mercedes-Benz,C220,2000,Дизел,250000,Рачен,Седани,Сива,Македонска,052019,105kw/143ks,
388,3500€,42.003425,21.463615,VWVolkswagen,Passat,2001,Дизел,200000,Рачен,Седани,Сина,Македонска,102019,96kw/131ks,
389,1€,41.9870695865131,21.4519291484375,Fiat,Bravo,2007,Дизел,130000,Рачен,Хеџбек,Сина,Македонска,032020,88kw/120ks,
390,По договор,41.346182,21.553379,Audi,A4,1998,Дизел,300000,Рачен,Каравани,Сина,Македонска,022019,81kw/110ks,
391,1€,41.8884258149634,21.9683647155762,Opel,Astra,1992,Дизел,200000,Рачен,Каравани,Сина,Македонска,012019,45kw/61ks,
392,1€,41.9870695865131,21.4519291484375,VWVolkswagen,Golf,2008,Дизел,200000,Рачен,Каравани,Сива,Македонска,102019,77kw/105ks,
393,4000€,41.966811,22.781396,Citroen,C4,2006,Дизел,250000,Рачен,Хеџбек,Сива,Македонска,092019,0kw/0ks,
394,3300€,41.9870695865131,21.4519291484375,Toyota,Corolla,2004,Дизел,190000,Рачен,Хеџбек,Сива,Македонска,042019,85kw/116ks,
395,1300€,41.9870695865131,21.4519291484375,VWVolkswagen,Polo,1999,Дизел,300000,Рачен,Maлиградски,Бела,Македонска,022020,55kw/75ks,
396,По договор,41.9870695865131,21.4519291484375,Audi,Q7,2007,Дизел,200000,Автоматски,Седани,Сива,Македонска,022020,171kw/232ks,
397,14000€,41.9757126024062,21.4865779244919,BMW,328,2007,Бензин,150000,Автоматски,Седани,Бела,Македонска,082018,180kw/245ks,
398,6500€,41.9870695865131,21.4519291484375,Mercedes-Benz,E200,2007,Дизел,300000,Автоматски,Седани,Црна,Македонска,042019,140kw/190ks,
399,10500€,41.031728,21.329358,Dodge,Nitro,2008,Дизел,200000,Автоматски,Теренци-SUV,Црвена,Македонска,022019,140kw/190ks,
400,По договор,41.440569,22.639528,Opel,Signum,2005,Дизел,15000,Рачен,Каравани,Сина,Македонска,012019,105kw/143ks,
401,По договор,41.4711102821682,22.7061653137207,Audi,80,1991,Дизел,15000,Рачен,Седани,Црна,Македонска,042018,66kw/90ks,
402,3200€,41.715954,21.770997,Fiat,GrandePunto,2007,Дизел,150000,Рачен,Хеџбек,Сина,Македонска,112019,55kw/75ks,
403,2950€,42.205478,22.333429,Renault,Megane,2006,Дизел,160000,Рачен,Хеџбек,Сива,Македонска,012018,63kw/86ks,
404,100МКД,41.7173154426511,21.7735719206543,AlfaRomeo,Alfa146,1998,Бензин,100000,Рачен,Хеџбек,Црвена,Македонска,122018,76kw/103ks,
405,5300€,41.9870695865131,21.4519291484375,VWVolkswagen,Passat,2005,Дизел,180000,Рачен,Седани,Сива,Македонска,022019,77kw/105ks,
406,2000€,41.924335,22.404964,Seat,Cordoba,1998,Бензин/Плин,160000,Рачен,Каравани,Црвена,Македонска,092019,55kw/75ks,
407,3800€,41.346182,21.553379,Mercedes-Benz,C200,2002,Дизел,250000,Автоматски,Седани,Сина,Македонска,032019,85kw/116ks,
408,2700€,41.745515,22.19396,Rover,25,2003,Бензин/Плин,180000,Рачен,Хеџбек,Сива,Македонска,022019,77kw/105ks,
409,1800€,41.801881,20.913259,VWVolkswagen,Golf,1997,Бензин/Плин,200000,Рачен,Хеџбек,Сива,Македонска,022020,44kw/60ks,
410,2100€,41.031728,21.329358,Opel,Corsa,2001,Дизел,200000,Рачен,Maлиградски,Црна,Македонска,052019,55kw/75ks,
411,По договор,41.949632,21.502494,Audi,A3,1997,Бензин,25000,Рачен,Maлиградски,Сива,Македонска,072019,100kw/136ks,
412,1€,41.9870695865131,21.4519291484375,Citroen,Berlingo,2012,Дизел,200000,Рачен,Хеџбек,Бела,Македонска,052019,55kw/75ks,
413,1100€,41.440569,22.639528,Ford,Ka,2000,Бензин,85000,Рачен,Maлиградски,Жолта,Македонска,122019,44kw/60ks,
414,5000€,41.9870695865131,21.4519291484375,VWVolkswagen,Golf,2005,Дизел,200000,Рачен,Хеџбек,Црна,Македонска,122019,65kw/88ks,
415,1€,41.9870695865131,21.4519291484375,Opel,Astra,2007,Дизел,140000,Рачен,Хеџбек,Сива,Македонска,052019,74kw/101ks,
416,3000€,41.745515,22.19396,VWVolkswagen,Beetle,2002,Дизел,200000,Рачен,Maлиградски,Сива,Македонска,102018,66kw/90ks,
417,1€,42.00877,21.45126,VWVolkswagen,Polo,2003,Бензин,100000,Рачен,Хеџбек,Сива,Македонска,072018,55kw/75ks,
418,5000€,41.9870695865131,21.4519291484375,Seat,Leon,2007,Дизел,200000,Рачен,Седани,Црна,Македонска,122019,1kw/1ks,
419,1300€,41.9870695865131,21.4519291484375,AlfaRomeo,Alfa156,1998,Бензин/Плин,200000,Рачен,Седани,Сива,Македонска,022020,106kw/144ks,
420,2200€,41.9870695865131,21.4519291484375,VWVolkswagen,Passat,1998,Бензин/Плин,250000,Рачен,Седани,Сина,Македонска,052019,92kw/125ks,
421,1€,41.440569,22.639528,Skoda,Felicia,1996,Бензин/Плин,190000,Рачен,Каравани,Црвена,Македонска,042019,43kw/58ks,
422,2950€,41.9870695865131,21.4519291484375,VWVolkswagen,Polo,2002,Бензин,150000,Рачен,Maлиградски,Сива,Македонска,012019,55kw/75ks,
423,1€,41.425943,21.453794,Mazda,5,2006,Дизел,160000,Рачен,Моноволумен,Сина,Македонска,112018,105kw/143ks,
424,2750€,42.132926,21.715878,VWVolkswagen,Golf,2000,Дизел,300000,Рачен,Хеџбек,Сина,Македонска,052019,85kw/116ks,
425,1100€,41.9870695865131,21.4519291484375,AlfaRomeo,Alfa156,1998,Бензин/Плин,200000,Рачен,Седани,Сива,Македонска,022020,106kw/144ks,
426,5600€,41.9870695865131,21.4519291484375,Ford,S-Max,2008,Дизел,200000,Рачен,Моноволумен,Црна,Македонска,122019,94kw/128ks,
427,3111€,41.6260734721622,22.5119142188448,Citroen,C4,2006,Дизел,200000,Рачен,Хеџбек,Бела,Македонска,022019,80kw/109ks,
428,3000€,41.9870695865131,21.4519291484375,Peugeot,107,2007,Бензин,100000,Рачен,Maлиградски,Сина,Македонска,072019,50kw/68ks,
429,1€,41.991502,21.39781,Mercedes-Benz,E220,2005,Дизел,180000,Автоматски,Моноволумен,Сива,Македонска,092019,500kw/680ks,
430,4600€,41.924335,22.404964,VWVolkswagen,Golf,2006,Дизел,160000,Автоматски,Хеџбек,Сива,Македонска,022019,103kw/140ks,
431,1900€,42.132926,21.715878,Renault,Clio,2001,Бензин,200000,Рачен,Maлиградски,Сива,Македонска,072019,72kw/98ks,
432,7600€,42.009423,20.971549,BMW,530,2003,Дизел,30000,Автоматски,Седани,Црна,Македонска,102019,160kw/218ks,
433,1€,41.978187,21.427388,VWVolkswagen,Passat,2006,Дизел,250000,Рачен,Каравани,Сива,Македонска,032019,125kw/170ks,
434,55€,41.993825,21.436139,VWVolkswagen,Passat,2006,Дизел,250000,Рачен,Каравани,Сива,Македонска,032019,125kw/170ks,
435,2250€,42.132926,21.715878,VWVolkswagen,Beetle,1999,Дизел,190000,Рачен,Купеа,Сина,Македонска,072019,66kw/90ks,
436,5300€,41.0818905438103,20.7636451721191,VWVolkswagen,Golf,2005,Дизел,190000,Рачен,Седани,Црна,Македонска,032019,77kw/105ks,
437,3300€,41.9870695865131,21.4519291484375,BMW,320,2004,Дизел,180000,Рачен,Седани,Сива,Македонска,122018,149kw/203ks,
438,3900€,41.440569,22.639528,Mercedes-Benz,220,2002,Дизел,250000,Рачен,Седани,Бела,Македонска,012020,105kw/143ks,
439,1750€,41.924335,22.404964,VWVolkswagen,Golf,1996,Дизел,250000,Рачен,Хеџбек,Зелена,Македонска,092019,66kw/90ks,
440,3300€,41.090247,21.016781,Opel,Astra,2004,Дизел,200000,Рачен,Хеџбек,Сива,Македонска,122019,74kw/101ks,
441,1€,42.132926,21.715878,VWVolkswagen,Passat,2000,Дизел,200000,Рачен,Седани,Зелена,Македонска,032020,105kw/143ks,
442,1€,41.373181,21.252891,VWVolkswagen,Golf,1995,Дизел,250000,Рачен,Каравани,Црна,Македонска,032019,70kw/95ks,
443,2650€,42.132926,21.715878,VWVolkswagen,Passat,1999,Дизел,200000,Рачен,Седани,Бела,Македонска,022020,66kw/90ks,
444,700€,41.031728,21.329358,Opel,Vectra,1993,Бензин/Плин,180000,Рачен,Седани,Бела,Македонска,102019,85kw/116ks,
445,4800€,42.009423,20.971549,Opel,Astra,2006,Дизел,150000,Рачен,Купеа,Црна,Македонска,072018,110kw/150ks,
446,4300€,41.991502,21.39781,Seat,Altea,2004,Дизел,200000,Рачен,Хеџбек,Сива,Македонска,102019,103kw/140ks,
447,4500€,41.9870695865131,21.4519291484375,VWVolkswagen,Golf,2005,Дизел,170000,Рачен,Седани,Сина,Македонска,012020,78kw/106ks,
448,По договор,41.346182,21.553379,Audi,A4,1998,Дизел,250000,Рачен,Каравани,Сина,Македонска,022019,81kw/110ks,
449,1€,41.51282,20.96083,Jeep,GrandCherokee,2001,Дизел,200000,Автоматски,Теренци-SUV,Црна,Македонска,092019,103kw/140ks,
450,2500€,41.801881,20.913259,VWVolkswagen,Passat,1997,Дизел,250000,Рачен,Седани,Зелена,Македонска,022020,81kw/110ks,
451,По договор,41.715954,21.770997,Lada,Niva,1996,Бензин/Плин,180000,Рачен,Теренци-SUV,Бела,Македонска,122019,59kw/80ks,
452,700€,42.132926,21.715878,Lancia,Delta,1996,Бензин/Плин,120000,Рачен,Хеџбек,Зелена,Македонска,052019,0kw/0ks,
453,6€,41.346182,21.553379,VWVolkswagen,Golf,2006,Дизел,200000,Рачен,Хеџбек,Црна,Македонска,092019,125kw/170ks,
454,14000€,41.484224,22.089622,VWVolkswagen,Passat,2011,Дизел,190000,Полуавтоматски,Седани,Златна,Македонска,062019,175kw/238ks,
455,3100€,41.9870695865131,21.4519291484375,BMW,320,2000,Дизел,200000,Рачен,Седани,Сива,Македонска,122019,100kw/136ks,
456,1€,41.884235,22.515181,Opel,Astra,2000,Дизел,200000,Рачен,Каравани,Сина,Македонска,072019,0kw/0ks,
457,6700€,42.077699,21.053594,VWVolkswagen,Golf,2008,Дизел,110000,Рачен,Хеџбек,Златна,Македонска,042019,77kw/105ks,
458,2900€,41.993825,21.436139,Fiat,Croma,2005,Дизел,200000,Автоматски,Хеџбек,Сива,Македонска,082019,110kw/150ks,
459,800€,41.9870695865131,21.4519291484375,Opel,Corsa,1995,Бензин/Плин,250000,Рачен,Maлиградски,Сина,Македонска,012020,50kw/68ks,
460,11200€,42.009423,20.971549,Audi,A6,2009,Дизел,200000,Рачен,Седани,Сива,Македонска,112019,160kw/218ks,
461,2500€,41.991502,21.39781,Audi,A3,2001,Дизел,200000,Рачен,Хеџбек,Сина,Македонска,082019,96kw/131ks,
462,2500€,42.007468589586,21.4538955688477,VWVolkswagen,Passat,1997,Дизел,200000,Рачен,Седани,Сина,Македонска,102018,0kw/0ks,
463,5700€,41.9870695865131,21.4519291484375,Mercedes-Benz,C200,2004,Дизел,250000,Рачен,Седани,Златна,Македонска,112019,95kw/129ks,
464,7900€,41.9870695865131,21.4519291484375,Kia,Soul,2010,Бензин,95000,Рачен,Теренци-SUV,Црна,Македонска,042019,94kw/128ks,
465,23000€,42.132926,21.715878,BMW,420,2015,Дизел,140000,Автоматски,Седани,Бела,Странска,092019,140kw/190ks,
466,2350€,41.745515,22.19396,VWVolkswagen,Golf,2001,Дизел,190000,Рачен,Maлиградски,Сина,Македонска,122019,66kw/90ks,
467,По договор,41.745515,22.19396,Seat,Leon,2006,Дизел,160000,Рачен,Хеџбек,Сива,Македонска,092019,115kw/156ks,
468,2600€,41.9870695865131,21.4519291484375,Peugeot,206,2002,Дизел,180000,Рачен,Maлиградски,Сина,Македонска,072019,50kw/68ks,
469,По договор,41.9870695865131,21.4519291484375,Opel,Astra,2010,Дизел,200000,Рачен,Каравани,Бела,Македонска,112020,83kw/113ks,
470,3100€,42.0653040889049,21.5670204162598,Peugeot,207,2008,Дизел,140000,Рачен,Хеџбек,Црна,Македонска,102017,66kw/90ks,
471,15500€,41.9870695865131,21.4519291484375,Volvo,V40,2014,Бензин,20000,Рачен,Хеџбек,Бела,Македонска,062019,88kw/120ks,
472,15500€,41.9870695865131,21.4519291484375,Volvo,V40,2014,Бензин,20000,Рачен,Хеџбек,Бела,Македонска,062019,88kw/120ks,
473,7000€,42.132926,21.715878,Mercedes-Benz,280,2007,Дизел,200000,Автоматски,Каравани,Сива,Македонска,082018,100kw/136ks,
474,500€,41.884235,22.515181,Ford,Fiesta,1995,Дизел,180000,Рачен,Maлиградски,Црвена,Македонска,092019,1kw/1ks,
475,По договор,42.132926,21.715878,VWVolkswagen,Golf,2012,Дизел,10000,Рачен,Седани,Црна,Македонска,,,
476,3300€,41.031728,21.329358,Renault,Megane,2004,Дизел,180000,Рачен,Седани,Сива,Македонска,062019,74kw/101ks,
477,По договор,41.9870695865131,21.4519291484375,Mercedes-Benz,C270,2002,Бензин,250000,Автоматски,Седани,Црна,Македонска,102019,170kw/231ks,
478,8400€,41.991502,21.39781,Volvo,S40,2009,Дизел,75000,Рачен,Седани,Бела,Македонска,022020,100kw/136ks,
479,850€,41.9870695865131,21.4519291484375,VWVolkswagen,Vento,1994,Дизел,150000,Рачен,Останато,Црвена,Македонска,052019,0kw/0ks,
480,1450€,41.994543,22.181289,VWVolkswagen,Polo,2001,Дизел,180000,Рачен,Maлиградски,Бела,Странска,042019,55kw/75ks,
481,1400€,41.346182,21.553379,VWVolkswagen,Golf,1995,Дизел,200000,Рачен,Maлиградски,Црвена,Македонска,062019,66kw/90ks,
482,1500€,41.9870695865131,21.4519291484375,AlfaRomeo,Alfa147,2002,Дизел,250000,Рачен,,Сива,Македонска,082019,120kw/163ks,
483,1800€,41.440569,22.639528,Mercedes-Benz,A170,1999,Дизел,130000,Рачен,Maлиградски,Сина,Македонска,062019,66kw/90ks,
484,4750€,41.924335,22.404964,VWVolkswagen,Touran,2005,Дизел,15000,Рачен,Моноволумен,Сина,Македонска,112019,0kw/0ks,
485,1€,41.438304,22.004864,Mercedes-Benz,E220,2011,Дизел,150000,Рачен,Седани,Бела,Македонска,052018,126kw/171ks,
486,1€,41.346182,21.553379,VWVolkswagen,T3Други,1986,Дизел,55000,Рачен,Теренци-SUV,Црвена,Македонска,042018,55kw/75ks,
487,2500€,41.9870695865131,21.4519291484375,Opel,Corsa,2004,Бензин/Плин,130000,Рачен,Maлиградски,Сива,Македонска,012019,55kw/75ks,
488,1950€,41.9870695865131,21.4519291484375,Opel,Agila,2004,Бензин,90000,Рачен,Maлиградски,Жолта,Македонска,122020,43kw/58ks,
489,2900€,41.221826,21.207874,Peugeot,307,2003,Дизел,190000,Рачен,Хеџбек,Зелена,Македонска,092019,79kw/107ks,
490,2€,41.9870695865131,21.4519291484375,VWVolkswagen,Golf,2007,Бензин,150000,Рачен,Хеџбек,Сива,Македонска,012018,75kw/102ks,
491,1€,41.924335,22.404964,Peugeot,206,2007,Бензин/Плин,120000,Рачен,Maлиградски,Црна,Македонска,052019,55kw/75ks,
492,2500€,42.132926,21.715878,VWVolkswagen,Passat,2002,Дизел,180000,Рачен,Седани,Сива,Странска,092019,96kw/131ks,
493,По договор,42.132926,21.715878,Lada,110,2001,Бензин,80000,Рачен,Хеџбек,Црна,Македонска,,,
494,9800€,41.924335,22.404964,BMW,325,2007,Дизел,190000,Рачен,Купеа,Црна,Странска,012020,197kw/268ks,
495,5900€,41.9870695865131,21.4519291484375,Mercedes-Benz,E280,2005,Дизел,200000,Автоматски,Седани,Сива,Македонска,122018,140kw/190ks,
496,3600€,41.949632,21.502494,Fiat,Stilo,2008,Дизел,160000,Рачен,Каравани,Сива,Македонска,022020,88kw/120ks,
497,1100€,42.132926,21.715878,Opel,Astra,1995,Дизел,190000,Рачен,Седани,Бела,Македонска,052019,60kw/82ks,
498,18000€,41.031728,21.329358,BMW,320,2012,Дизел,160000,Автоматски,Кабриолети,Црна,Македонска,062019,135kw/184ks,
499,33€,41.801881,20.913259,Mercedes-Benz,A170,2005,Бензин,170000,Автоматски,Хеџбек,Црна,Македонска,012019,85kw/116ks,
500,1€,41.111733,20.798579,VWVolkswagen,Golf,1999,Дизел,200000,Рачен,Хеџбек,Црна,Македонска,122019,66kw/90ks,
501,3900€,41.993825,21.436139,Opel,Astra,2006,Дизел,200000,Рачен,Хеџбек,Сива,Македонска,112019,101kw/137ks,
502,4450€,42.034517298925,21.3540821635743,Opel,Astra,2005,Дизел,190000,Рачен,Хеџбек,Сива,Македонска,012020,74kw/101ks,
503,3100€,41.440569,22.639528,Opel,Astra,2009,Дизел,190000,Рачен,Хеџбек,Сива,Странска,052020,90kw/122ks,
504,7500€,41.9870695865131,21.4519291484375,VWVolkswagen,Golf,2010,Бензин,130000,Автоматски,Maлиградски,Црна,Македонска,052019,90kw/122ks,
505,1300€,41.031728,21.329358,Renault,Megane,2002,Дизел,200000,Рачен,Седани,Сива,Македонска,052019,64kw/87ks,
506,3300€,41.111733,20.798579,Citroen,C3,2008,Дизел,130000,Рачен,Maлиградски,Сива,Македонска,022020,50kw/68ks,
507,1€,41.745515,22.19396,Opel,Astra,1999,Дизел,25000,Рачен,Каравани,Сива,Македонска,082019,170kw/231ks,
508,1€,41.438304,22.004864,Audi,A3,2001,Дизел,180000,Рачен,Хеџбек,Сива,Македонска,102018,81kw/110ks,
509,По договор,41.031728,21.329358,Mercedes-Benz,C220,2007,Дизел,200000,Рачен,Седани,Црна,Странска,032020,110kw/150ks,
510,3500€,42.132926,21.715878,Opel,Astra,2006,Дизел,200000,Рачен,Каравани,Сива,Македонска,102019,88kw/120ks,
511,По договор,41.031728,21.329358,Mercedes-Benz,C200,2007,Дизел,190000,Рачен,Седани,Сина,Странска,032020,90kw/122ks,
512,10€,41.2271677534193,20.6080555915833,Mazda,323,1996,Бензин,200000,Рачен,Седани,Црвена,Странска,,,
513,1€,41.440569,22.639528,Fiat,Ducato,2000,Дизел,25000,Рачен,Хеџбек,Бела,Македонска,102019,94kw/128ks,
514,2700€,41.9870695865131,21.4519291484375,Peugeot,307,2005,Бензин/Плин,200000,Рачен,Хеџбек,Сива,Македонска,032019,66kw/90ks,
515,1000€,42.1373507618695,21.7180137724472,,,,,,,,,,,,
516,5900€,41.9870695865131,21.4519291484375,VWVolkswagen,Passat,2005,Дизел,200000,Рачен,Седани,Златна,Македонска,012020,101kw/137ks,
517,1€,41.346182,21.553379,Audi,A3,2005,Дизел,300000,Рачен,Maлиградски,Црна,Македонска,012020,0kw/0ks,
518,3200€,41.9870695865131,21.4519291484375,Peugeot,207,2006,Бензин/Плин,110000,Рачен,Хеџбек,Црвена,Македонска,112019,77kw/105ks,
519,18900€,41.14712,22.507161,LandRover,RangeRoverSport,2009,Дизел,200000,Автоматски,Теренци-SUV,Црна,Македонска,112019,200kw/272ks,
520,3500€,41.9870695865131,21.4519291484375,Kia,Sportage,1999,Дизел,100000,Рачен,Теренци-SUV,Зелена,Македонска,072019,1kw/1ks,
521,1€,41.440569,22.639528,VWVolkswagen,Golf,2004,Дизел,160000,Рачен,Седани,Црвена,Странска,012020,103kw/140ks,
522,18000€,41.438304,22.004864,Mercedes-Benz,E200,2010,Дизел,200000,Рачен,Седани,Црна,Македонска,112019,100kw/136ks,
523,2200€,41.9870695865131,21.4519291484375,Opel,Corsa,2005,Бензин/Плин,190000,Рачен,Maлиградски,Сива,Македонска,052019,55kw/75ks,
524,1€,41.221826,21.207874,Peugeot,307,2004,Дизел,190000,Рачен,Хеџбек,Зелена,Македонска,092019,74kw/101ks,
525,По договор,41.9870695865131,21.4519291484375,Volvo,440,1993,Дизел,95000,Рачен,Седани,Црвена,Македонска,,,
526,1€,41.440569,22.639528,VWVolkswagen,Golf,2004,Дизел,160000,Рачен,Седани,Црвена,Странска,012020,103kw/140ks,
527,700€,41.9870695865131,21.4519291484375,Lancia,Dedra,1995,Бензин/Плин,110000,Рачен,Седани,Црна,Македонска,012017,66kw/90ks,
528,6100€,42.132926,21.715878,Mercedes-Benz,E270,2003,Дизел,200000,Рачен,Седани,Сива,Македонска,082018,180kw/245ks,
529,600€,41.924335,22.404964,Fiat,Bravo,1997,Бензин/Плин,190000,Рачен,Хеџбек,Зелена,Македонска,082018,76kw/103ks,
530,1€,41.9870695865131,21.4519291484375,Mercedes-Benz,C220,2007,Дизел,160000,Рачен,Седани,Сива,Странска,052019,170kw/231ks,
531,1€,42.00877,21.45126,Toyota,Corolla,2003,Дизел,160000,Рачен,Седани,Сина,Македонска,042019,66kw/90ks,
532,По договор,41.715954,21.770997,Fiat,Punto,2002,Бензин,140000,Рачен,Maлиградски,Сина,Македонска,062019,45kw/61ks,
533,8990€,41.9870695865131,21.4519291484375,VWVolkswagen,Golf,2012,Дизел,200000,Рачен,Каравани,Сива,Македонска,112019,103kw/140ks,
534,19000€,41.484224,22.089622,Audi,A8,2009,Дизел,190000,Автоматски,Седани,Црна,Македонска,072019,245kw/333ks,
535,3900€,41.346182,21.553379,LandRover,Freelander,2002,Дизел,95000,Рачен,Теренци-SUV,Црна,Македонска,102019,111kw/151ks,
536,4000€,41.745515,22.19396,Seat,Leon,2006,Дизел,190000,Рачен,Купеа,Сива,Македонска,022021,140kw/190ks,Останато
537,9800€,41.111733,20.798579,Mercedes-Benz,C200,2007,Дизел,150000,Рачен,Седани,Сива,Македонска,112019,100kw/136ks,
538,9500€,41.031728,21.329358,Audi,Q7,2011,Бензин,10000,Автоматски,Теренци-SUV,Златна,Македонска,082020,8kw/11ks,
539,3900€,41.484224,22.089622,BMW,320,1999,Бензин/Плин,250000,Рачен,Купеа,Сива,Македонска,012020,110kw/150ks,
540,1500МКД,42.0063205906157,21.4015247672796,VWVolkswagen,Golf,2000,Дизел,180000,Рачен,Хеџбек,Сива,Македонска,012019,66kw/90ks,
541,По договор,41.4249759532327,22.6302308191955,Ford,Fiesta,1999,Дизел,140000,Рачен,Хеџбек,Сина,Македонска,042018,68kw/92ks,
542,7000€,42.009423,20.971549,Abarth,GrandePunto,2008,Бензин,120000,Рачен,Хеџбек,Црна,Македонска,122018,115kw/156ks,
543,2500€,41.9870695865131,21.4519291484375,Peugeot,406,2002,Дизел,190000,Рачен,Седани,Црвена,Македонска,062019,80kw/109ks,
544,1€,41.801881,20.913259,Mercedes-Benz,220,2004,Дизел,190000,Автоматски,Седани,Црна,Македонска,012019,25kw/34ks,
545,800€,41.9870695865131,21.4519291484375,Nissan,Primera,1998,Бензин,250000,Рачен,Седани,Зелена,Македонска,012017,101kw/137ks,
546,1500€,41.9870695865131,21.4519291484375,Peugeot,306,1999,Дизел,190000,Рачен,Останато,Златна,Македонска,092019,66kw/90ks,
547,7300€,41.711096,22.848172,VWVolkswagen,Passat,2009,Дизел,150000,Автоматски,,Сина,Странска,082019,103kw/140ks,
548,1200€,41.9870695865131,21.4519291484375,Opel,Vectra,1999,Дизел,300000,Рачен,Каравани,Сина,Македонска,052020,110kw/150ks,
549,1900€,41.715954,21.770997,Seat,Ibiza,1999,Бензин/Плин,200000,Рачен,Хеџбек,Сина,Македонска,032020,44kw/60ks,
550,400€,42.132926,21.715878,VWVolkswagen,Golf,1985,Дизел,250000,Рачен,Хеџбек,Бела,Македонска,042019,16kw/22ks,
551,1600€,41.111733,20.798579,Opel,Agila,2000,Бензин,160000,Рачен,Maлиградски,Сива,Македонска,012020,55kw/75ks,
552,1€,41.884235,22.515181,VWVolkswagen,Passat,2006,Дизел,200000,Рачен,Каравани,Сива,Македонска,112019,103kw/140ks,
553,По договор,41.745515,22.19396,Mercedes-Benz,C220,2000,Дизел,200000,Рачен,Седани,Зелена,Македонска,022020,85kw/116ks,
554,1€,41.9870695865131,21.4519291484375,Opel,Corsa,1999,Бензин,150000,Рачен,Maлиградски,Бела,Македонска,092019,50kw/68ks,
555,2100€,41.031728,21.329358,Opel,Corsa,2001,Дизел,200000,Рачен,Maлиградски,Сина,Македонска,052019,55kw/75ks,
556,1€,42.00877,21.45126,Fiat,Sedici,2007,Дизел,160000,Рачен,Теренци-SUV,Црвена,Македонска,062019,88kw/120ks,
557,1€,41.484224,22.089622,Peugeot,407,2006,Бензин,180000,Рачен,Седани,Зелена,Македонска,022020,89kw/121ks,
558,6500€,42.132926,21.715878,BMW,530,2003,Дизел,250000,Автоматски,Седани,Зелена,Македонска,082019,160kw/218ks,
559,6800€,42.132926,21.715878,Audi,A6,2006,Дизел,190000,Рачен,Седани,Сина,Македонска,052019,180kw/245ks,
560,1200€,41.9870695865131,21.4519291484375,Opel,Vectra,1999,Дизел,300000,Рачен,Каравани,Сина,Македонска,042019,20kw/27ks,
561,6200€,41.9979142532261,21.4603405559083,BMW,318,2007,Дизел,200000,Рачен,Седани,Сива,Македонска,052019,105kw/143ks,
562,5950€,42.205478,22.333429,Audi,A4,2007,Дизел,190000,Рачен,Седани,Црна,Македонска,012018,103kw/140ks,
563,3300€,41.9870695865131,21.4519291484375,AlfaRomeo,Alfa147,2005,Дизел,160000,Рачен,Хеџбек,Црна,Македонска,112019,110kw/150ks,
564,650€,41.9870695865131,21.4519291484375,Ford,Escort,1994,Бензин/Плин,160000,Рачен,Седани,Црвена,Македонска,112019,50kw/68ks,
565,1€,41.9870695865131,21.4519291484375,BMW,525,1994,Дизел,300000,Рачен,Седани,Сина,Македонска,082017,105kw/143ks,
566,4500€,41.978187,21.427388,Audi,A4,2002,Дизел,200000,Рачен,Каравани,Сива,Македонска,052019,96kw/131ks,
567,6500€,41.801881,20.913259,BMW,320,2003,Бензин,190000,Рачен,Кабриолети,,Македонска,072019,125kw/170ks,
568,По договор,41.966811,22.781396,VWVolkswagen,Passat,2007,Дизел,200000,Рачен,Хеџбек,Сива,Македонска,092019,103kw/140ks,
569,5500€,41.801881,20.913259,Mercedes-Benz,C220,2004,Дизел,190000,Автоматски,Седани,Црна,Македонска,012019,110kw/150ks,
570,4000€,42.132926,21.715878,Mercedes-Benz,C220,2001,Дизел,190000,Полуавтоматски,Седани,Сива,Македонска,072019,105kw/143ks,
571,2500€,41.9870695865131,21.4519291484375,Renault,Laguna,2004,Дизел,200000,Рачен,Каравани,Сина,Македонска,062018,100kw/136ks,
572,2€,42.0768332158365,22.1770268046875,Citroen,C5,2005,Дизел,150000,Рачен,Седани,Сива,Странска,072019,1kw/1ks,
573,3600€,41.484224,22.089622,Mercedes-Benz,A180,2005,Дизел,180000,Рачен,Хеџбек,Сива,Македонска,012019,80kw/109ks,
574,14000€,42.009423,20.971549,Mercedes-Benz,ML320,2006,Дизел,190000,Автоматски,Теренци-SUV,Сива,Македонска,122019,165kw/224ks,
575,1500€,41.9870695865131,21.4519291484375,Audi,A6,1995,Дизел,500000,Рачен,Седани,Бела,Македонска,122019,66kw/90ks,
576,1500€,42.132926,21.715878,Opel,Astra,1999,Дизел,,Рачен,Maлиградски,Црвена,Македонска,092019,82kw/111ks,
577,1€,41.924335,22.404964,Mercedes-Benz,SLK200,2000,Бензин/Плин,120000,Рачен,Кабриолети,Сива,Македонска,082019,141kw/192ks,
578,1€,41.865485,21.940845,VWVolkswagen,Golf,1996,Бензин/Плин,140000,Рачен,Maлиградски,Бела,Македонска,042019,66kw/90ks,
579,4200€,42.132926,21.715878,VWVolkswagen,Touran,2005,Дизел,200000,Рачен,,,Македонска,032019,66kw/90ks,
580,4300€,41.994543,22.181289,Toyota,Avensis,2005,Дизел,250000,Рачен,Седани,Сива,Македонска,042018,85kw/116ks,
581,6500€,41.111733,20.798579,Mercedes-Benz,E270,2002,Дизел,250000,Автоматски,Седани,Бела,Македонска,122019,130kw/177ks,
582,6000€,42.009423,20.971549,BMW,530,2005,Дизел,250000,Автоматски,Седани,Сива,Македонска,122018,170kw/231ks,
583,По договор,41.173346,20.677493,Jaguar,XF,2010,Дизел,200000,Автоматски,Седани,Црна,Македонска,122020,155kw/211ks,
584,8000€,42.009423,20.971549,Opel,Insignia,2010,Бензин,120000,Рачен,Седани,Бела,Странска,122019,103kw/140ks,
585,50€,41.9870695865131,21.4519291484375,Peugeot,107,2012,Бензин,,Рачен,Maлиградски,,Македонска,122020,10kw/14ks,
586,1€,41.346182,21.553379,Citroen,AX,1995,Дизел,200000,Рачен,Maлиградски,Црвена,Македонска,012017,45kw/61ks,
587,8500€,41.9870695865131,21.4519291484375,BMW,X3,2005,Дизел,190000,Автоматски,Хеџбек,Сива,Македонска,012020,152kw/207ks,
588,5300€,42.009423,20.971549,VWVolkswagen,Passat,2006,Дизел,160000,Автоматски,Каравани,Сива,Македонска,032019,103kw/140ks,
589,2900€,41.9870695865131,21.4519291484375,Seat,Ibiza,2004,Дизел,180000,Рачен,Maлиградски,Сива,Македонска,122019,55kw/75ks,
590,По договор,41.031728,21.329358,Opel,Astra,2004,Дизел,180000,Рачен,Хеџбек,Црна,Македонска,082019,75kw/102ks,
591,3199€,41.924335,22.404964,Opel,Astra,2005,Дизел,190000,Рачен,Хеџбек,Сива,Македонска,122020,77kw/105ks,
592,По договор,41.9870695865131,21.4519291484375,Renault,Megane,2012,Дизел,110000,Рачен,Хеџбек,Сина,Македонска,052019,0kw/0ks,
593,500€,42.205478,22.333429,Daewoo,Matiz,1999,Бензин/Плин,25000,Рачен,Maлиградски,Златна,Македонска,092018,40kw/54ks,
594,3850€,41.9870695865131,21.4519291484375,Opel,Astra,2008,Дизел,100000,Рачен,Хеџбек,Црна,Македонска,042020,74kw/101ks,
595,4700€,42.013646,21.32586,Mercedes-Benz,B180,2006,Дизел,190000,Рачен,Хеџбек,Црна,Странска,052019,80kw/109ks,
596,1400€,42.205478,22.333429,Audi,A4,1998,Дизел,25000,Рачен,Каравани,Сива,Странска,102019,81kw/110ks,
597,1350€,42.132926,21.715878,Opel,Corsa,1997,Бензин,110000,Рачен,Maлиградски,Црвена,Македонска,052019,40kw/54ks,
598,3333€,42.205478,22.333429,Peugeot,307,2007,Дизел,190000,Рачен,Каравани,Сива,Македонска,012018,81kw/110ks,
599,1€,41.9870695865131,21.4519291484375,AlfaRomeo,Alfa147,2005,Дизел,20000,Рачен,Хеџбек,Сина,Македонска,082019,85kw/116ks,
600,11200€,41.1726176034431,22.5282753519846,VWVolkswagen,Passat,2011,Дизел,140000,Автоматски,Каравани,Златна,Странска,032019,105kw/143ks,
601,4000€,41.031728,21.329358,Audi,A6,2001,Дизел,250000,Рачен,Седани,Црна,Македонска,122020,81kw/110ks,
602,3600€,41.9870695865131,21.4519291484375,Ford,Focus,2007,Дизел,180000,Рачен,Хеџбек,Сива,Македонска,082019,90kw/122ks,
603,2100€,41.0351465058898,21.349356550415,VWVolkswagen,Golf,2000,Дизел,200000,Рачен,Каравани,Бела,Македонска,032019,66kw/90ks,
604,По договор,42.0909140121355,22.1583938598633,Peugeot,306,2000,Дизел,25000,Рачен,Каравани,Црвена,Македонска,032018,5kw/7ks,
605,4200€,41.9870695865131,21.4519291484375,Audi,A4,2003,Бензин,200000,Автоматски,Кабриолети,Црвена,Македонска,122019,24kw/33ks,
606,1100€,41.924335,22.404964,Opel,Corsa,1999,Бензин,190000,Рачен,Maлиградски,Сива,Македонска,092019,55kw/75ks,
607,4300€,42.009423,20.971549,Opel,Zafira,2006,Дизел,200000,Рачен,Моноволумен,Сива,Македонска,042019,75kw/102ks,
608,2100€,41.9870695865131,21.4519291484375,Fiat,Stilo,2002,Дизел,190000,Рачен,Хеџбек,Црна,Македонска,072019,86kw/117ks,
609,9099€,41.745515,22.19396,BMW,318,2008,Дизел,170000,Рачен,Седани,Златна,Македонска,052019,105kw/143ks,
610,4100€,41.031728,21.329358,Audi,A4,2003,Дизел,250000,Рачен,Каравани,Сина,Македонска,052019,96kw/131ks,
611,2800€,41.173346,20.677493,Peugeot,1007,2005,Дизел,100000,Рачен,Моноволумен,Сина,Македонска,112018,74kw/101ks,
612,2750€,42.205478,22.333429,Opel,Astra,2006,Дизел,190000,Рачен,Каравани,Сива,Македонска,012018,74kw/101ks,
613,3350€,42.205478,22.333429,Mercedes-Benz,C200,2003,Дизел,190000,Рачен,Седани,Сива,Македонска,022019,85kw/116ks,
614,1€,42.00877,21.45126,Opel,Corsa,2001,Дизел,200000,Рачен,Maлиградски,Зелена,Македонска,082019,48kw/65ks,
615,4200€,41.9870695865131,21.4519291484375,Mini,CooperS,2004,Бензин,200000,Рачен,Maлиградски,Црна,Македонска,072019,79kw/107ks,
616,1300€,41.978187,21.427388,Opel,Corsa,1993,Дизел,200000,Рачен,Хеџбек,Зелена,Македонска,062018,66kw/90ks,
617,5499€,41.9628782103709,21.4490786812017,Mercedes-Benz,E220,2004,Дизел,200000,Автоматски,Седани,Сина,Македонска,082020,110kw/150ks,
618,1999МКД,41.346182,21.553379,Chevrolet,Matiz,2005,Бензин,150000,Рачен,Maлиградски,Сива,Странска,042019,48kw/65ks,
619,1МКД,42.132926,21.715878,Mercedes-Benz,E300,1998,Дизел,170000,Автоматски,Каравани,Сина,Македонска,032020,130kw/177ks,
620,1000€,42.0011035094394,21.4690014088173,VWVolkswagen,Golf,1987,Дизел,250000,Рачен,Maлиградски,Бела,Македонска,012019,66kw/90ks,
621,2350€,41.9870695865131,21.4519291484375,VWVolkswagen,Golf,1999,Бензин/Плин,200000,Рачен,Хеџбек,Црвена,Македонска,122019,55kw/75ks,
622,111МКД,41.51282,20.96083,Audi,A4,2006,Бензин,15000,Рачен,Седани,Бела,Македонска,012020,200kw/272ks,
623,1990€,42.132926,21.715878,Opel,Corsa,2003,Бензин,190000,Рачен,Maлиградски,Сива,Македонска,022020,64kw/87ks,
624,2600€,42.205478,22.333429,Skoda,Octavia,2000,Дизел,200000,Рачен,Каравани,Сива,Македонска,072018,77kw/105ks,
625,1€,41.484224,22.089622,Mercedes-Benz,250,1995,Дизел,20000,Рачен,Седани,Сива,Македонска,112019,110kw/150ks,
626,2400€,41.51282,20.96083,Opel,Corsa,2005,Бензин,170000,Рачен,Maлиградски,Сина,Македонска,012020,66kw/90ks,
627,1950€,41.51282,20.96083,VWVolkswagen,Golf,2000,Бензин,200000,Рачен,Maлиградски,Зелена,Македонска,052019,55kw/75ks,
628,6699€,41.991502,21.39781,Renault,Twingo,2016,Бензин,15000,Рачен,Хеџбек,Бела,Македонска,032019,50kw/68ks,
629,3000€,41.865485,21.940845,Seat,Ibiza,2003,Дизел,250000,Рачен,Хеџбек,Сива,Македонска,032019,96kw/131ks,
630,1000€,42.132926,21.715878,Fiat,Brava,1998,Бензин/Плин,200000,Рачен,Хеџбек,Сина,Македонска,032019,76kw/103ks,
631,5800€,41.989867,21.581912,Mercedes-Benz,E220,2005,Дизел,250000,Автоматски,Седани,Црна,Македонска,032020,220kw/299ks,
632,5200€,42.205478,22.333429,Ford,Focus,2009,Дизел,170000,Рачен,Седани,Црна,Македонска,032020,66kw/90ks,
633,1200€,41.51282,20.96083,Hyundai,Accent,1999,Бензин,160000,Рачен,Седани,Зелена,Македонска,012018,63kw/86ks,
634,3300€,41.440569,22.639528,VWVolkswagen,Passat,1999,Дизел,190000,Автоматски,Седани,Сива,Македонска,062019,85kw/116ks,
635,300€,41.801881,20.913259,Zastava,101,1990,Бензин,200000,Рачен,Хеџбек,Црвена,Македонска,082019,40kw/54ks,
636,1600€,41.9870695865131,21.4519291484375,Opel,Vectra,1998,Дизел,200000,Рачен,Каравани,Бела,Македонска,112019,74kw/101ks,
637,4100€,41.031728,21.329358,Seat,Cordoba,2005,Бензин/Плин,200000,Рачен,Седани,Златна,Македонска,042019,55kw/75ks,
638,800€,41.917126106752,22.4015906588575,Ford,Escort,1991,Дизел,,Рачен,Хеџбек,Бела,Македонска,012020,44kw/60ks,
639,4500€,41.9870695865131,21.4519291484375,Renault,Megane,2006,Дизел,100000,Рачен,Седани,Сива,Македонска,082019,78kw/106ks,
640,3000€,41.865485,21.940845,Lada,Niva,2003,Бензин/Плин,85000,Рачен,Теренци-SUV,Сина,Македонска,042019,44kw/60ks,
641,1350€,41.9965268815721,21.5682136311428,Renault,Megane,1999,Дизел,200000,Рачен,Каравани,Сина,Македонска,102019,72kw/98ks,
642,6500€,41.801881,20.913259,VWVolkswagen,Polo,2010,Бензин,150000,Рачен,Хеџбек,Црна,Македонска,022020,51kw/69ks,
643,1€,42.00877,21.45126,Mini,CooperS,2005,Бензин,120000,Рачен,Хеџбек,Црна,Македонска,042019,88kw/120ks,
644,2650€,42.205478,22.333429,Opel,Corsa,2005,Дизел,150000,Рачен,Хеџбек,Сива,Македонска,012018,55kw/75ks,
645,111111111€,41.346182,21.553379,Zastava,750,2018,Бензин,60000,Рачен,Maлиградски,Сина,Македонска,012018,3kw/4ks,
646,3050€,42.205478,22.333429,Mercedes-Benz,E270,2001,Дизел,200000,Рачен,Седани,Сива,Македонска,082019,130kw/177ks,
647,4300€,42.132926,21.715878,VWVolkswagen,Polo,2008,Дизел,100000,Рачен,Maлиградски,Сива,Македонска,052019,51kw/69ks,
648,8000€,42.132926,21.715878,VWVolkswagen,Caddy,2010,Дизел,250000,Рачен,Хеџбек,Сина,Македонска,042019,77kw/105ks,
649,1€,41.9870695865131,21.4519291484375,Daewoo,Leganza,1999,Бензин/Плин,300000,Рачен,Седани,Бела,Македонска,082019,96kw/131ks,
650,1800€,41.9870695865131,21.4519291484375,Peugeot,206,1999,Бензин/Плин,120000,Рачен,Хеџбек,Зелена,Македонска,032020,55kw/75ks,
651,14000€,41.9870695865131,21.4519291484375,BMW,328,2007,Бензин,150000,Автоматски,Купеа,Бела,Македонска,082019,180kw/245ks,
652,1€,41.346182,21.553379,Fiat,Uno,1993,Бензин/Плин,190000,Рачен,Maлиградски,Бела,Македонска,052019,33kw/45ks,
653,7700€,41.111733,20.798579,VWVolkswagen,Golf,2010,Дизел,140000,Рачен,Хеџбек,Сина,Македонска,042019,77kw/105ks,
654,3000€,42.1496598863586,21.7615127563477,Nissan,Terrano,2003,Дизел,130000,Рачен,Теренци-SUV,Зелена,Странска,012017,100kw/136ks,
655,12000€,41.966811,22.781396,Audi,A4,2009,Дизел,200000,Рачен,Седани,Црна,Македонска,072019,105kw/143ks,
656,1€,41.438304,22.004864,VWVolkswagen,Passat,2007,Дизел,200000,Рачен,Седани,Сива,Странска,012019,105kw/143ks,
657,1€,41.438304,22.004864,Audi,A3,2012,Дизел,130000,Рачен,Останато,Бела,Странска,032019,105kw/143ks,
658,7500€,41.9870695865131,21.4519291484375,Mercedes-Benz,C220,2007,Дизел,160000,Рачен,Седани,Сива,Странска,102019,170kw/231ks,
659,1600€,42.132926,21.715878,VWVolkswagen,Golf,1997,Дизел,200000,Рачен,Каравани,Зелена,Македонска,102019,70kw/95ks,
660,2890€,41.9391178163654,21.5186278466797,Mercedes-Benz,C200,1999,Дизел,300000,Рачен,Седани,Сива,Македонска,122019,75kw/102ks,
661,15390€,41.966811,22.781396,BMW,530,2011,Дизел,250000,Автоматски,Каравани,Црна,Странска,032020,180kw/245ks,
662,1700€,42.009423,20.971549,Opel,Tigra,1998,Бензин/Плин,190000,Рачен,Maлиградски,Црна,Македонска,012020,78kw/106ks,
663,8400€,41.991502,21.39781,Volvo,S40,2009,Дизел,75000,Рачен,Седани,Бела,Македонска,022020,100kw/136ks,
664,1€,41.346182,21.553379,Peugeot,307,2003,Дизел,160000,Рачен,Каравани,Сива,Странска,082018,79kw/107ks,
665,1€,41.346182,21.553379,Audi,A4,2000,Дизел,160000,Рачен,Каравани,,Странска,052018,81kw/110ks,
666,1€,41.346182,21.553379,VWVolkswagen,Sharan,2003,Дизел,170000,Рачен,Моноволумен,Сива,Македонска,042018,85kw/116ks,
667,1€,41.346182,21.553379,AlfaRomeo,Alfa156,2005,Дизел,160000,Рачен,Седани,Црна,Странска,082018,85kw/116ks,
668,1€,41.346182,21.553379,Fiat,Punto,2004,Дизел,160000,Рачен,Maлиградски,Сива,Странска,112018,63kw/86ks,
669,1€,41.346182,21.553379,Opel,Astra,2003,Дизел,170000,Рачен,Каравани,Сива,Странска,072018,55kw/75ks,
670,1€,41.346182,21.553379,VWVolkswagen,Golf,2001,Дизел,170000,Рачен,Maлиградски,Црна,Странска,112018,85kw/116ks,
671,1МКД,41.346182,21.553379,Seat,Ibiza,2003,Дизел,120000,Рачен,Maлиградски,Златна,Странска,072019,55kw/75ks,
672,1€,41.346182,21.553379,Fiat,GrandePunto,2006,Дизел,130000,Рачен,Maлиградски,Црна,Странска,032019,88kw/120ks,
673,1€,41.346182,21.553379,AlfaRomeo,Alfa147,2000,Бензин,140000,Рачен,Maлиградски,Црна,Странска,122018,88kw/120ks,
674,1€,41.346182,21.553379,Opel,Zafira,2004,Дизел,160000,Рачен,Моноволумен,Сива,Странска,072018,74kw/101ks,
675,12000€,41.346182,21.553379,Mercedes-Benz,C200,2008,Дизел,180000,Рачен,Седани,Црна,Македонска,102019,100kw/136ks,
676,2300€,41.9870695865131,21.4519291484375,Renault,Scenic,2007,Дизел,190000,Рачен,Моноволумен,Сива,Странска,012020,96kw/131ks,
677,1€,42.132926,21.715878,Audi,A4,2003,Дизел,200000,Рачен,Каравани,Црна,Македонска,122019,187kw/254ks,
678,По договор,41.9870695865131,21.4519291484375,Audi,A4,2009,Дизел,190000,Рачен,Седани,Сива,Македонска,032019,0kw/0ks,
679,3300€,41.745515,22.19396,Renault,Clio,2006,Дизел,160000,Рачен,Maлиградски,,Македонска,032019,56kw/76ks,
680,По договор,41.031728,21.329358,VWVolkswagen,Golf,2006,Дизел,200000,Рачен,Седани,Сина,Странска,032020,77kw/105ks,
681,3900€,41.9870695865131,21.4519291484375,Fiat,Punto,2008,Бензин,50000,Рачен,Maлиградски,Црна,Македонска,042020,44kw/60ks,
682,1€,41.711096,22.848172,Ford,Escort,1999,Дизел,30000,Рачен,Каравани,Бела,Странска,042018,66kw/90ks,
683,1200€,41.978187,21.427388,Chevrolet,Spark,2009,Бензин,100000,Рачен,Maлиградски,Жолта,Македонска,032019,40kw/54ks,
684,3600€,41.9870695865131,21.4519291484375,Peugeot,307,2006,Дизел,140000,Рачен,Каравани,Сива,Македонска,122019,80kw/109ks,
685,600€,41.9870695865131,21.4519291484375,AlfaRomeo,Alfa166,2001,Бензин,190000,Рачен,Седани,Сива,Македонска,012018,115kw/156ks,
686,123€,41.9870695865131,21.4519291484375,Citroen,C3,2005,Бензин/Плин,130000,Автоматски,Maлиградски,Црна,Македонска,012019,65kw/88ks,
687,123€,41.9870695865131,21.4519291484375,Fiat,GrandePunto,2008,Дизел,130000,Рачен,Хеџбек,Бела,Македонска,012019,66kw/90ks,
688,1€,41.346182,21.553379,Opel,Astra,1994,Дизел,200000,Рачен,Хеџбек,Сина,Македонска,022021,44kw/60ks,
689,5600€,41.9870695865131,21.4519291484375,Audi,A3,2005,Дизел,200000,Рачен,Хеџбек,Сива,Македонска,042019,105kw/143ks,
690,7000€,41.9870695865131,21.4519291484375,Audi,A4,2008,Дизел,200000,Автоматски,Каравани,Црна,Странска,032020,143kw/194ks,
691,4300€,42.205478,22.333429,VWVolkswagen,Golf,2004,Дизел,170000,Рачен,Хеџбек,Црна,Македонска,012019,77kw/105ks,
692,1€,41.949632,21.502494,Mercedes-Benz,B200,2008,Дизел,150000,Рачен,Хеџбек,Бела,Македонска,012018,105kw/143ks,
693,4200€,41.9870695865131,21.4519291484375,Audi,A4,2003,Бензин,200000,Автоматски,Седани,Црна,Македонска,122019,24kw/33ks,
694,5000€,42.205478,22.333429,VWVolkswagen,Golf,2006,Дизел,200000,Рачен,Хеџбек,Сива,Македонска,012019,103kw/140ks,
695,1€,41.9870695865131,21.4519291484375,VWVolkswagen,Passat,2009,Дизел,190000,Автоматски,Седани,Црна,Македонска,012020,130kw/177ks,
696,5500€,41.9870695865131,21.4519291484375,Dodge,Caliber,2008,Дизел,250000,Рачен,Седани,Црна,Македонска,102019,103kw/140ks,
697,2500€,41.9870695865131,21.4519291484375,Ford,Fiesta,2008,Бензин/Плин,170000,Рачен,Хеџбек,Бела,Македонска,062019,51kw/69ks,
698,1€,41.440569,22.639528,Opel,Astra,2001,Дизел,300000,Автоматски,Каравани,Сива,Македонска,012020,74kw/101ks,
699,2500€,41.031728,21.329358,BMW,320,1999,Дизел,200000,Рачен,Седани,Сина,Македонска,112019,100kw/136ks,
700,1400€,41.801881,20.913259,Renault,Laguna,1999,Дизел,250000,Рачен,Каравани,Црна,Македонска,052019,74kw/101ks,
701,3990€,41.9870695865131,21.4519291484375,Peugeot,407,2005,Дизел,160000,Рачен,Седани,Сива,Македонска,062019,82kw/111ks,
702,950€,41.966811,22.781396,Fiat,Punto,1996,Бензин/Плин,120000,Рачен,Maлиградски,Црна,Македонска,112019,72kw/98ks,
703,4450€,41.9870695865131,21.4519291484375,Fiat,Bravo,2008,Дизел,140000,Рачен,Хеџбек,Сива,Странска,012018,80kw/109ks,
704,16300€,41.711096,22.848172,Mercedes-Benz,220,2012,Дизел,110000,Автоматски,Седани,Црна,Странска,012020,180kw/245ks,
705,2800€,42.132926,21.715878,VWVolkswagen,Golf,1999,Дизел,10000,Рачен,Хеџбек,Сина,Македонска,122018,66kw/90ks,
706,1€,41.346182,21.553379,VWVolkswagen,Touran,2007,Дизел,180000,Рачен,Хеџбек,Сива,Македонска,012020,77kw/105ks,
707,3700€,42.132926,21.715878,Audi,A4,2002,Дизел,200000,Рачен,Седани,Сина,Македонска,072019,96kw/131ks,
708,1100€,41.745515,22.19396,Fiat,Punto,2001,Бензин,190000,Рачен,Maлиградски,Црна,Македонска,052018,36kw/49ks,
709,1000€,41.745515,22.19396,Opel,Astra,1993,Дизел,200000,Рачен,Седани,Бела,Македонска,032019,55kw/75ks,
710,3300€,41.9741682091478,21.5943145751953,AlfaRomeo,Alfa159,2006,Дизел,150000,Рачен,Каравани,Сина,Македонска,012018,150kw/204ks,
711,2100€,41.9870695865131,21.4519291484375,VWVolkswagen,Passat,1999,Дизел,200000,Рачен,Седани,Сива,Македонска,052019,84kw/114ks,
712,По договор,41.51282,20.96083,Seat,Ibiza,2006,Бензин,150000,Рачен,Maлиградски,Црна,Македонска,012019,46kw/63ks,
713,1€,41.031728,21.329358,Fiat,Sedici,2007,Дизел,200000,Рачен,Хеџбек,Златна,Македонска,092019,0kw/0ks,
714,6500€,41.715954,21.770997,Seat,Alhambra,2007,Дизел,200000,Рачен,Моноволумен,Сива,Македонска,122019,85kw/116ks,
715,1€,42.00877,21.45126,Audi,A3,2007,Дизел,150000,Рачен,Хеџбек,Црна,Македонска,062019,66kw/90ks,
716,1€,42.00877,21.45126,VWVolkswagen,Polo,2004,Бензин,150000,Рачен,Хеџбек,Црна,Македонска,052018,55kw/75ks,
717,1400€,41.9870695865131,21.4519291484375,Opel,Vectra,1996,Бензин/Плин,250000,Рачен,Седани,Сива,Македонска,062019,87kw/118ks,
718,10€,41.438304,22.004864,Ford,Mondeo,1994,Дизел,110000,Рачен,Каравани,Сина,Македонска,122019,66kw/90ks,
719,По договор,41.031728,21.329358,BMW,525,1999,Дизел,250000,Автоматски,Седани,Сива,Македонска,082019,1kw/1ks,
720,2900€,42.205478,22.333429,Opel,Corsa,2004,Дизел,150000,Рачен,Хеџбек,Црна,Македонска,052019,75kw/102ks,
721,1900€,41.9870695865131,21.4519291484375,VWVolkswagen,Golf,1995,Дизел,150000,Рачен,Хеџбек,Црна,Македонска,042019,66kw/90ks,
722,6600€,41.14712,22.507161,Mercedes-Benz,E320,2003,Дизел,200000,Автоматски,Седани,Сива,Македонска,112019,150kw/204ks,
723,4550€,41.745515,22.19396,VWVolkswagen,GolfPlus,2005,Дизел,200000,Рачен,,Сива,Македонска,032019,77kw/105ks,
724,1€,41.9870695865131,21.4519291484375,Chevrolet,Kalos,2006,Бензин/Плин,150000,Рачен,Хеџбек,Сива,Македонска,012020,70kw/95ks,
725,2100€,41.9870695865131,21.4519291484375,VWVolkswagen,Passat,1999,Дизел,200000,Рачен,Седани,Сива,Македонска,052019,85kw/116ks,
726,1€,41.9870695865131,21.4519291484375,VWVolkswagen,Passat,2007,Дизел,200000,Автоматски,Седани,,Македонска,072019,125kw/170ks,
727,1300€,41.8004733620566,20.9448661510315,Peugeot,206,1999,Дизел,200000,Рачен,Хеџбек,Бела,Македонска,102019,52kw/71ks,
728,4999€,41.9870695865131,21.4519291484375,Opel,Zafira,2007,Дизел,120000,Рачен,Моноволумен,Сива,Македонска,092019,88kw/120ks,
729,По договор,41.6008287664756,22.4846676688848,VWVolkswagen,Passat,2007,Дизел,200000,Рачен,Седани,Сина,Македонска,082019,103kw/140ks,
730,1€,41.438304,22.004864,Audi,A6,2006,Дизел,200000,Автоматски,Седани,Сива,Странска,122019,140kw/190ks,
731,1€,41.111733,20.798579,VWVolkswagen,Golf,2005,Дизел,190000,Рачен,Седани,Црна,Македонска,052019,90kw/122ks,
732,450€,41.9870695865131,21.4519291484375,Renault,R5,1993,Бензин,140000,Рачен,Maлиградски,Бела,Македонска,122018,33kw/45ks,
733,4300€,41.9870695865131,21.4519291484375,Citroen,C4,2009,Бензин,100000,Рачен,Хеџбек,Бела,Македонска,072019,0kw/0ks,
734,850€,41.9870695865131,21.4519291484375,Renault,R19,1995,Дизел,,Рачен,Хеџбек,Сива,Македонска,052019,66kw/90ks,
735,4000€,42.132926,21.715878,Jeep,Willys,1980,Дизел,,Рачен,Теренци-SUV,Зелена,Македонска,,,
736,500€,41.031728,21.329358,Fiat,Tempra,1993,Бензин/Плин,150000,Рачен,Седани,Црна,Македонска,,,
737,1€,41.440569,22.639528,BMW,118,2006,Дизел,200000,Рачен,Хеџбек,Црна,Странска,032020,90kw/122ks,
738,По договор,42.132926,21.715878,VWVolkswagen,Touran,2004,Дизел,200000,Рачен,Моноволумен,Сива,Македонска,012019,102kw/139ks,
739,18000€,41.3132737258589,21.3474118709564,Hyundai,ix35,2011,Дизел,50000,Рачен,Теренци-SUV,Златна,Македонска,052018,135kw/184ks,
740,1500€,41.966811,22.781396,AlfaRomeo,Alfa147,2004,Дизел,160000,Рачен,Maлиградски,Сива,Странска,072019,110kw/150ks,
741,3500€,42.009423,20.971549,Mercedes-Benz,CLK270,2004,Дизел,110000,Автоматски,Купеа,Сива,Странска,022020,190kw/258ks,
742,3000€,42.132926,21.715878,Mercedes-Benz,E220,1999,Дизел,200000,Рачен,Седани,Бела,Македонска,022020,100kw/136ks,
743,По договор,42.132926,21.715878,Audi,A4,2003,Дизел,200000,Автоматски,Кабриолети,Сина,Македонска,012019,110kw/150ks,
744,4300€,42.132926,21.715878,Audi,A3,2004,Дизел,190000,Рачен,Хеџбек,Црна,Македонска,122019,74kw/101ks,
745,1€,42.132926,21.715878,Fiat,Doblo,2007,Дизел,200000,Рачен,Останато,Бела,Македонска,062019,75kw/102ks,
746,87878787€,41.315781,22.566826,Seat,Leon,2007,Дизел,190000,Рачен,Хеџбек,Црна,Македонска,012020,77kw/105ks,
747,950€,41.9870695865131,21.4519291484375,Renault,Megane,1999,Бензин/Плин,130000,Рачен,Хеџбек,Сива,Македонска,052020,16kw/22ks,
748,1€,41.9870695865131,21.4519291484375,VWVolkswagen,Golf,1996,Бензин/Плин,200000,Рачен,Хеџбек,Зелена,Македонска,122019,16kw/22ks,
749,9300€,42.205478,22.333429,Mercedes-Benz,CLS320,2006,Дизел,160000,Автоматски,Седани,Сива,Странска,032019,0kw/0ks,
750,По договор,41.884235,22.515181,Honda,Accord,2004,Дизел,200000,Рачен,Седани,Сина,Македонска,122019,103kw/140ks,
751,2350€,41.9870695865131,21.4519291484375,VWVolkswagen,Golf,2000,Дизел,200000,Рачен,Maлиградски,Бела,Македонска,052019,66kw/90ks,
752,21000€,41.9870695865131,21.4519291484375,BMW,X5,2010,Дизел,180000,Автоматски,Теренци-SUV,Црна,Македонска,052019,235kw/320ks,
753,1€,41.346182,21.553379,Audi,A3,2006,Дизел,190000,Рачен,Хеџбек,Сива,Македонска,012018,77kw/105ks,
754,3450€,42.205478,22.333429,Citroen,C4,2006,Дизел,190000,Рачен,Хеџбек,Црна,Македонска,012018,66kw/90ks,
755,2100€,42.205478,22.333429,Peugeot,206,2006,Бензин/Плин,140000,Рачен,Каравани,Сива,Македонска,012018,1kw/1ks,
756,5550€,42.205478,22.333429,Mercedes-Benz,B180,2008,Дизел,190000,Рачен,Моноволумен,Сива,Македонска,012018,80kw/109ks,
757,1350€,42.205478,22.333429,VWVolkswagen,Golf,1997,Дизел,200000,Рачен,Каравани,Сина,Македонска,122019,66kw/90ks,
758,123€,41.9870695865131,21.4519291484375,Opel,Astra,2005,Бензин/Плин,160000,Рачен,Каравани,Сива,Македонска,012019,77kw/105ks,
759,4350€,42.205478,22.333429,VWVolkswagen,GolfPlus,2007,Дизел,190000,Рачен,Хеџбек,Сива,Македонска,012018,77kw/105ks,
760,10€,41.346182,21.553379,Renault,Laguna,2002,Дизел,250000,Рачен,Каравани,Сина,Македонска,122019,88kw/120ks,
761,6800€,41.884235,22.515181,Skoda,Rapid/Spaceback,2014,Бензин/Плин,150000,Рачен,Седани,Бела,Македонска,052019,12kw/16ks,
762,6800€,41.884235,22.515181,Skoda,Rapid/Spaceback,2014,Бензин/Плин,150000,Рачен,Седани,Бела,Македонска,052019,12kw/16ks,
763,800€,41.9870695865131,21.4519291484375,Fiat,Cinquecento,1995,Бензин,80000,Рачен,Maлиградски,Црвена,Македонска,092019,900kw/1224ks,
764,По договор,41.9870695865131,21.4519291484375,Subaru,Forester,2002,Бензин,190000,Автоматски,Каравани,Црвена,Странска,032020,0kw/0ks,
765,1€,41.884235,22.515181,AlfaRomeo,Alfa147,2002,Дизел,200000,Рачен,Хеџбек,Сива,Македонска,022019,85kw/116ks,
766,4800€,41.031728,21.329358,Audi,A3,2004,Дизел,,Автоматски,Купеа,Сива,Македонска,042019,105kw/143ks,
767,По договор,41.440569,22.639528,Seat,Toledo,1998,Дизел,250000,Рачен,Седани,Сина,Македонска,092019,81kw/110ks,
768,4700€,41.9870695865131,21.4519291484375,Citroen,C4,2007,Бензин/Плин,140000,Рачен,Хеџбек,Сива,Македонска,122019,88kw/120ks,
769,18000€,41.924335,22.404964,Mercedes-Benz,E200,2014,Дизел,140000,Автоматски,Седани,Бела,Странска,052019,100kw/136ks,
770,По договор,42.132926,21.715878,Audi,A4,2012,Дизел,15000,Рачен,Седани,Сива,Македонска,042020,105kw/143ks,
771,1€,41.031728,21.329358,Mazda,2,2007,Бензин,100000,Рачен,Хеџбек,Зелена,Странска,022019,55kw/75ks,
772,666€,41.884235,22.515181,Audi,A6,1999,Дизел,190000,Автоматски,Каравани,Сива,Македонска,052019,110kw/150ks,
773,1€,42.132926,21.715878,Daewoo,Leganza,1999,Бензин/Плин,190000,Рачен,Седани,Црвена,Македонска,,,
774,4100€,41.346182,21.553379,Mercedes-Benz,C220,2003,Дизел,200000,Автоматски,Хеџбек,Сива,Македонска,022020,100kw/136ks,
775,По договор,41.031728,21.329358,Skoda,Octavia,1998,Дизел,200000,Рачен,Седани,Сива,Македонска,032020,74kw/101ks,
776,3900€,41.745515,22.19396,Peugeot,407,2007,Дизел,180000,Рачен,Седани,Сина,Македонска,122020,78kw/106ks,
777,1111€,42.132926,21.715878,Opel,Vectra,1992,Бензин/Плин,30000,Рачен,Седани,Сива,Македонска,052018,55kw/75ks,
778,7600€,41.745515,22.19396,Chevrolet,Captiva,2007,Дизел,150000,Рачен,Теренци-SUV,Црна,Македонска,072019,110kw/150ks,
779,2000€,41.346182,21.553379,Opel,Astra,2001,Дизел,150000,Рачен,Хеџбек,Сина,Македонска,112019,55kw/75ks,
780,1€,41.315781,22.566826,BMW,X5,2005,Дизел,300000,Автоматски,Хеџбек,Црна,Странска,032020,218kw/296ks,
781,800€,41.440569,22.639528,Opel,Astra,1994,Дизел,250000,Рачен,Седани,Сина,Македонска,022017,85kw/116ks,
782,1600€,41.966811,22.781396,Ford,Focus,2001,Дизел,300000,Рачен,Каравани,Сива,Странска,092019,72kw/98ks,
783,По договор,41.989867,21.581912,Fiat,Bravo,2007,Дизел,180000,Рачен,Хеџбек,Сина,Македонска,042018,88kw/120ks,
784,1€,42.132926,21.715878,Mercedes-Benz,C220,2000,Дизел,200000,Автоматски,Седани,Црвена,Македонска,072019,105kw/143ks,
785,900€,42.009423,20.971549,VWVolkswagen,Golf,1995,Дизел,20000,Рачен,Хеџбек,Црвена,Македонска,082019,44kw/60ks,
786,999€,41.9870695865131,21.4519291484375,Opel,Vectra,1997,Дизел,250000,Рачен,Каравани,Бела,Македонска,022017,60kw/82ks,
787,2900€,41.9870695865131,21.4519291484375,Seat,Ibiza,2004,Дизел,180000,Рачен,Хеџбек,Сива,Македонска,122019,55kw/75ks,
788,1800€,41.9870695865131,21.4519291484375,Mitsubishi,Carisma,1997,Бензин,200000,Рачен,Седани,Зелена,Македонска,092019,66kw/90ks,
789,1€,41.346182,21.553379,Seat,Ibiza,1997,Бензин,200000,Рачен,Хеџбек,Црвена,Македонска,062019,66kw/90ks,
790,3800€,41.346182,21.553379,Opel,Astra,2005,Дизел,160000,Рачен,Хеџбек,Црна,Македонска,122019,59kw/80ks,
791,3900€,41.9870695865131,21.4519291484375,Fiat,Bravo,2007,Дизел,170000,Рачен,Хеџбек,Сина,Македонска,032018,88kw/120ks,
792,1699€,41.715954,21.770997,Fiat,Punto,2001,Дизел,190000,Рачен,Maлиградски,Црна,Македонска,102019,66kw/90ks,
793,4600€,41.9870695865131,21.4519291484375,VWVolkswagen,Golf,2004,Дизел,250000,Рачен,Седани,Сива,Македонска,042020,105kw/143ks,
794,По договор,42.00877,21.45126,VWVolkswagen,Touran,2005,Дизел,250000,Рачен,Моноволумен,Сива,Македонска,012020,140kw/190ks,
795,2800€,41.0393675907031,21.3499573652343,Peugeot,307,2003,Дизел,150000,Рачен,Хеџбек,Сива,Македонска,012020,70kw/95ks,
796,2800€,41.346182,21.553379,Peugeot,307,2005,Дизел,25000,Рачен,Хеџбек,Сива,Странска,112019,80kw/109ks,
797,1300€,42.132926,21.715878,VWVolkswagen,Golf,1996,Дизел,200000,Рачен,Maлиградски,Бела,Македонска,102019,60kw/82ks,
798,1€,41.9870695865131,21.4519291484375,Seat,Leon,2010,Дизел,170000,Рачен,Хеџбек,Црна,Македонска,042019,103kw/140ks,
799,6200€,41.801881,20.913259,Mercedes-Benz,C200,2006,Дизел,190000,Рачен,Седани,Сива,Македонска,052019,90kw/122ks,
800,1900€,41.9870695865131,21.4519291484375,Ford,Galaxy,1997,Дизел,20000,Рачен,Каравани,Сина,Македонска,102019,1kw/1ks,
801,3500€,41.9870695865131,21.4519291484375,Renault,Megane,2006,Дизел,200000,Рачен,Каравани,Бела,Македонска,072019,90kw/122ks,
802,1850€,42.205478,22.333429,Ford,Mondeo,1996,Бензин/Плин,200000,Рачен,Седани,Црна,Македонска,012018,103kw/140ks,
803,6200€,41.9870695865131,21.4519291484375,VWVolkswagen,Jetta,2006,Дизел,190000,Рачен,Седани,Сива,Македонска,112020,103kw/140ks,
804,1€,41.9870695865131,21.4519291484375,Renault,Clio,2000,Бензин,120000,Рачен,Хеџбек,Сива,Македонска,062019,43kw/58ks,
805,По договор,42.013646,21.32586,Opel,Astra,2006,Дизел,160000,Рачен,Хеџбек,Црна,Македонска,032020,74kw/101ks,
806,7990€,41.978187,21.427388,Opel,Insignia,2009,Дизел,150000,Рачен,Седани,Сина,Македонска,122019,98kw/133ks,
807,999€,41.031728,21.329358,Opel,Omega,1995,Дизел,190000,Рачен,Седани,Бела,Македонска,052019,96kw/131ks,
808,1500€,41.031728,21.329358,Opel,Vectra,2000,Дизел,250000,Рачен,Каравани,Сива,Македонска,022020,74kw/101ks,
809,1050€,41.438304,22.004864,Opel,Corsa,1997,Бензин,200000,Рачен,Maлиградски,Зелена,Македонска,072019,66kw/90ks,
810,8200€,42.132926,21.715878,Skoda,Octavia,2010,Дизел,140000,Рачен,Седани,Црна,Македонска,122019,77kw/105ks,
811,2300€,41.715954,21.770997,VWVolkswagen,Golf,2000,Дизел,250000,Рачен,Каравани,Сива,Македонска,052019,66kw/90ks,
812,По договор,41.7135191588943,21.7742671195621,Peugeot,307,2004,Дизел,200000,Рачен,Хеџбек,Сива,Странска,122018,80kw/109ks,
813,4250€,41.715954,21.770997,VWVolkswagen,Golf,2005,Дизел,200000,Рачен,Maлиградски,Сива,Македонска,022018,78kw/106ks,
814,1€,42.009423,20.971549,Mercedes-Benz,A140,1999,Бензин,180000,Рачен,Maлиградски,Сина,Странска,012017,1kw/1ks,
815,17000€,41.991502,21.39781,Audi,Q7,2007,Дизел,200000,Автоматски,Теренци-SUV,Црна,Македонска,112019,208kw/283ks,
816,3200€,41.9388624333627,21.5201727990723,VWVolkswagen,Golf,1999,Дизел,200000,Рачен,Хеџбек,Сива,Македонска,032020,85kw/116ks,
